idCb,cinClient,date_creation,idClient,rib,solde,type_de_compte,code
1,29650608,2023-04-26,1,WHKULQY2YR19MR33YKNJSW4O,8808.99,COURANT,1
2,10592050,2023-07-27,2,JGCEX707PB8L5U6TENP1VJZR,1067.34,COURANT,2
3,22132175,2023-06-23,3,4UA5K4JRCP7AHBFOQAUI7365,7684.96,COURANT,3
4,85002010,2023-08-19,4,NLV87EAE8CSGB5PFZABMK0PS,5877.17,COURANT,4
5,48981615,2023-07-23,5,KQT7KTNNYGXB6TZKSTPXVX9I,8169.74,COURANT,5
6,33712841,2023-03-02,6,ANK6V6NV9M77MBT9GQYEJL4P,9955.62,COURANT,6
7,69428596,2023-09-20,7,9P22MGGPLMSVMS28Q13G0R85,5303.43,COURANT,7
8,05208163,2023-06-19,8,8RZBCR5I4CQGDOGJX3H27N7V,3812.2,COURANT,8
9,65735603,2023-05-22,9,NULL4B5PUH3X4A2XSOVA84SD,5567.87,COURANT,9
10,47647776,2023-12-07,10,9HWEMUJ2VCZUEK5I6PVKU7P0,1593.02,COURANT,10
11,45479243,2023-01-24,11,P80IX7GC8ZWA62I6K1KA5UED,7737.99,COURANT,11
12,51939048,2023-04-16,12,4UF0EXSHGCA69AB0HRYNVIVS,8030.33,COURANT,12
13,50253472,2023-06-01,13,WHSTK5WK7FNSNH9H02MGO5HQ,4335.5,COURANT,13
14,14746947,2023-09-10,14,03WRVIQO1RILH70RH40SDCB4,5747.42,COURANT,14
15,67510224,2023-02-13,15,YARWJWMLF7DMER2USXRKPNPX,1512.74,COURANT,15
16,63953464,2023-07-15,16,0AP5VFDKAAOWL11KXK6MFJ3L,4486.29,COURANT,16
17,62847353,2023-11-17,17,RXJ6EDJEOTIZ1UOSCVK9S9NP,6892.05,COURANT,17
18,29833736,2023-01-20,18,IU3GCO9DIAF7SCPFPDKSUE4I,3127.62,COURANT,18
19,78827469,2023-03-06,19,1U4ULV2B2BET01QIIWEBQ5W4,1155.66,COURANT,19
20,37420725,2023-08-08,20,YGBCKC6114KKSJ7HFAAQDIFQ,4368.84,COURANT,20
21,00078806,2023-03-20,21,QV8F0VU4WU4F26RA3N8ZLYML,4539.9,COURANT,21
22,45554245,2023-01-24,22,9GDIS28H8TOID1551T3ER0RL,7962.21,COURANT,22
23,83281600,2023-08-19,23,HV3SH3C1FXERQUCTV2P38TQ4,3602.19,COURANT,23
24,68869586,2023-01-26,24,KBZ1RJ1VTO7XEB745HGP7OWQ,1333.33,COURANT,24
25,61131010,2023-12-25,25,VZSI0DO4A3698QSL2PIPRKOK,8896.8,COURANT,25
26,30336803,2023-05-09,26,Y3POLYJE1QNAAYUQORHGULHC,8212.84,COURANT,26
27,15385623,2023-04-23,27,B7DM3SN7L04IQG7V13WZ30Z9,6720.6,COURANT,27
28,20775711,2023-09-08,28,X6C87G4YFLTTLGXTHK3LFYD4,1382.46,COURANT,28
29,64674961,2023-03-14,29,0WS18OHBXBKROFT8NGRPMT3Q,5511.23,COURANT,29
30,33097651,2023-01-27,30,TYZQK2XIC54HJN491GH59YBU,1239.0,COURANT,30
31,52589248,2023-08-11,31,2A7HI4I16SYJYKY9KWY2AFAG,6952.88,COURANT,31
32,03167847,2023-02-18,32,F7UNTABH0A6GYYK3K129M6S0,1278.12,COURANT,32
33,61819433,2023-07-21,33,H4CPGQ02FR3KS91VDPIIHWYY,1526.67,COURANT,33
34,77892254,2023-10-20,34,OX3VBOZG3QX3P8WHHTGZU7K9,2885.47,COURANT,34
35,31105293,2023-03-26,35,3HYDD8TI7EJ00TZL2KXB25QV,5963.51,COURANT,35
36,91375173,2023-01-27,36,KPTF89OWHCVZ6Q3EKGO1QQJT,9790.0,COURANT,36
37,13255880,2023-10-25,37,NDWB75EKW6VIOA7QJ6B2ZUNL,5947.72,COURANT,37
38,86261734,2023-08-02,38,GB7BSS6DYTYKTYRXTLLB6A2G,4014.78,COURANT,38
39,60208726,2023-01-25,39,SPZ2XKRU9K8376A4ZUC37X85,7437.11,COURANT,39
40,26039082,2023-10-21,40,66UTRH3OQRJG9V6ZMQC1SETA,4885.29,COURANT,40
41,19113773,2023-08-17,41,KVHTO64644TPREJWVCKO6UZP,2639.39,COURANT,41
42,88217641,2023-12-02,42,2ZGSW5PPOXXNBBQLX5DJ8O6V,2896.78,COURANT,42
43,90961086,2023-07-26,43,XKFFDFYU8G8HQNXQSBZJFY3J,7817.66,COURANT,43
44,44340190,2023-06-10,44,1BZTLCMYN40IKRWOIHCRCA42,1700.14,COURANT,44
45,68997328,2023-08-11,45,IPENG1V73092MIORPAJTX778,3547.73,COURANT,45
46,81989876,2023-10-15,46,VW7WACNCY7H5AGCLE7APZZQL,5304.56,COURANT,46
47,61538647,2023-05-16,47,N9EGIK60MJWCAMKJXW2BAPTG,2215.76,COURANT,47
48,29988637,2023-06-10,48,33UTKBTN33VWYRHG28WBBFPB,9622.71,COURANT,48
49,60267601,2023-11-06,49,PNCVJTU5DN9HM52RLGV1SLIK,7982.96,COURANT,49
50,21658351,2023-02-07,50,LK7CA7083CT6EVQ9L4XLP864,2059.44,COURANT,50
51,57000082,2023-09-12,51,CT2AM7TQ92AGRKCJRTVSWC17,7293.2,COURANT,51
52,67788155,2023-05-14,52,0YOL99ZYWUJ20V6O191Z5TGQ,5449.63,COURANT,52
53,98420652,2023-09-28,53,UDEXOKKD3ATR9IM4SKT3CVH7,9139.44,COURANT,53
54,71636195,2023-02-27,54,JS29N4O17M0KRA2CWIRH7XWA,7260.36,COURANT,54
55,21099964,2023-10-24,55,H3RXBBWC1RWN2ABZ4I83Z2ES,8500.11,COURANT,55
56,04346935,2023-07-28,56,I3QQD6A22TFLME37V3460ED0,9599.17,COURANT,56
57,73818714,2023-02-19,57,4ZRQMBOGDTRXW4L4QCALZLVQ,3419.43,COURANT,57
58,69666139,2023-11-27,58,BNDYX7JWXSQO7VOLGOP02247,3178.06,COURANT,58
59,17382633,2023-10-24,59,EGPNCA95R66G65T95MOKLUBR,2626.29,COURANT,59
60,65224554,2023-05-06,60,JVIWOMQ37DGRD4NZFZGN7JM5,8811.11,COURANT,60
61,03921696,2023-07-15,61,IG7G6I0IMW2E7FF87DJTHK7O,5893.9,COURANT,61
62,66839524,2023-10-01,62,Z6N17MOGQ5R20CB2T7XOYOHM,7487.13,COURANT,62
63,95895607,2023-06-09,63,P3HT7LAJFC8010BN66II56TS,6610.88,COURANT,63
64,63650673,2023-08-20,64,N9YYNNV4B1FAOHF8YVI76AFS,2056.45,COURANT,64
65,69490015,2023-10-12,65,W3CXTRBVJXXFHOLNG7D8K1SP,2797.8,COURANT,65
66,43547106,2023-12-27,66,NSG22PRZH8244EE4PE584FHM,9056.08,COURANT,66
67,24478076,2023-11-02,67,LNNAAMOR1OHY545V7TBIHIQ8,4151.59,COURANT,67
68,78055769,2023-06-08,68,OKQB6IKHMC9R97J5WJQWWSDZ,6282.32,COURANT,68
69,47640449,2023-12-12,69,Y7TCF07ZC7S60A1AGOAU3ARL,5145.63,COURANT,69
70,47792459,2023-12-13,70,74PLXV4CIGVBUVSLBFDAE687,3352.04,COURANT,70
71,13321352,2023-08-01,71,26T63YN5V2VZEA26Z1SFHG0R,4805.51,COURANT,71
72,64723718,2023-02-11,72,RABHF2LXXUECONSSMOYHCIRW,5998.08,COURANT,72
73,75242220,2023-01-28,73,7SYOB7GR9JUPQWIMG2AODY2W,9482.49,COURANT,73
74,06685435,2023-09-28,74,C1AM1NKMETHZ2XKU0MAUQBKU,1326.82,COURANT,74
75,24990535,2023-06-17,75,TJMHXLZR0VBENAZCV7F7GPGS,2274.83,COURANT,75
76,64298763,2023-12-18,76,1M03IASL31CX93G5A9JVTID1,2644.29,COURANT,76
77,47374015,2023-08-14,77,3UILDHW3IVMMF2IIMY25BZPY,7982.66,COURANT,77
78,16567299,2023-08-02,78,WV9HBYJF5KLTWOVN7V2CDWDS,9514.93,COURANT,78
79,34112279,2023-06-15,79,UIFC6EY9L0MPSQHV3YJIANV2,9812.56,COURANT,79
80,67008585,2023-11-19,80,Y5VCKUQW2GAU6QUK05B1PWNT,2011.49,COURANT,80
81,37395989,2023-07-23,81,P73L6PY5RPWN1LVXSK74H243,3001.18,COURANT,81
82,74719173,2023-02-07,82,JAW234NPN8OOEWZLN4L4V59C,6010.54,COURANT,82
83,44514682,2023-11-17,83,QRR2GY2Q28FK7VELQQYVW2CJ,2022.69,COURANT,83
84,50785557,2023-02-04,84,1BLTV0K302RNHF0Q1A8P3F91,9615.25,COURANT,84
85,89007835,2023-02-01,85,AQ3QX0LY0ZXDOXO1TC6K7PGM,3196.64,COURANT,85
86,19004800,2023-12-18,86,DYCLFLKHUUXWIXL0GSMDX4M5,7963.86,COURANT,86
87,54061649,2023-10-11,87,7T97V7WYM1F1SWFWNMYQXYF1,8628.14,COURANT,87
88,44402912,2023-05-01,88,FC2T5VVOAT2XDIQEYORKYK0L,6308.93,COURANT,88
89,09150760,2023-06-17,89,HEPEUT0YEX1UZHD44JU9HD05,5484.92,COURANT,89
90,60286078,2023-03-03,90,11U8OBSWZG53IF77OT80R6XN,5647.53,COURANT,90
91,93339606,2023-02-04,91,M0BZ2WR66EHTQ6LO261VU4HX,7838.51,COURANT,91
92,05494504,2023-01-21,92,61C3J7XUMNWK2GCBVSQDHLRS,1337.93,COURANT,92
93,00215676,2023-09-13,93,XS3L2QLZLP3L0Q7U5UTX6S7C,6836.8,COURANT,93
94,64848871,2023-03-28,94,8L6MD21ZV3RB1EKQU6PGYX97,9595.4,COURANT,94
95,72235107,2023-03-03,95,ZMO52FP7PFQEB23UA9ZCMJS0,5788.95,COURANT,95
96,41341653,2023-05-12,96,4YFZ8CV6177EYL0GIY5LL0W8,5690.22,COURANT,96
97,40233078,2023-10-13,97,4RJND8UNX80YG09Y68SE26FO,6533.88,COURANT,97
98,56611940,2023-05-22,98,A91FB6IK82CVEM71PR44UZOQ,6156.59,COURANT,98
99,93991027,2023-11-13,99,ZW676NQ6DGZ0ZD46L7ZO69YH,5298.47,COURANT,99
100,93640732,2023-03-19,100,GBBTGLZM1PFHQ7L9T6UBI7ZW,8552.49,COURANT,100
101,46609585,2023-01-09,101,IJZDYCMCCBINQRFT1YH45CNI,7329.72,COURANT,101
102,51827384,2023-12-10,102,A6XDH7W0NFAL9B9806TMV31W,5883.59,COURANT,102
103,00569744,2023-02-16,103,H1NFVZIQVQO2TCPAR18J2F56,8955.88,COURANT,103
104,90479310,2023-12-22,104,0ROSBQWPP6P7T3B65CDGBLL5,4979.71,COURANT,104
105,75646989,2023-05-27,105,BQ21TPSNECF1PQIQ1G1EVFXV,6394.56,COURANT,105
106,21519428,2023-11-05,106,QFK36VYRMETOJ0N3UHY8H8DN,9041.09,COURANT,106
107,76993967,2023-08-26,107,B08OIKHXU7LYSBNEPW8E24GI,9406.5,COURANT,107
108,20211624,2023-08-07,108,L5G54P8DE2I7VOI8Z3VA4REA,4139.78,COURANT,108
109,86396079,2023-11-21,109,KQCEJJ870LU5XMP9PQZ0UQC3,4443.47,COURANT,109
110,07946784,2023-12-10,110,ZFUODNE0IG35U2DENL7ZCDP9,4448.81,COURANT,110
111,80826046,2023-11-20,111,BTM377BTEJMK2CMW1ZI34LHM,3511.21,COURANT,111
112,54503689,2023-10-18,112,Z4STE3E9Z7JRP9UMYZ7NEPVB,8552.92,COURANT,112
113,88305419,2023-09-03,113,GC4JZQYCC2MOMDC19UCLHMSW,7767.8,COURANT,113
114,69793654,2023-05-07,114,L3B5XPFG25U54LJOETLHSRH7,1909.3,COURANT,114
115,43169083,2023-06-11,115,E9PFKNE3TYMCHLAG4MHFUDP8,9414.91,COURANT,115
116,82476103,2023-11-14,116,H67N5IEHD0ZLWH5FKUGDTQC8,2015.6,COURANT,116
117,44761078,2023-11-25,117,I90EOLTHMF1BOULJ18SPZPA5,7432.15,COURANT,117
118,28933341,2023-11-22,118,6B67NQQ5ISA3DCS8ZBGJM19F,6816.82,COURANT,118
119,65861533,2023-09-11,119,5QXLE3W1O7F2MVSE0JWJH2D1,6651.18,COURANT,119
120,57492020,2023-04-24,120,CT8W4COGYR20DZLB8B40PQO5,3142.9,COURANT,120
121,70468036,2023-02-28,121,3ITHDGGEEPUWXA0KWF5GIACT,8295.11,COURANT,121
122,50890855,2023-11-21,122,DU35BKXUR6O1UVPVB5J3MQSG,6316.58,COURANT,122
123,10437916,2023-12-19,123,5DJXTLY0E923ZPV75LOLGNJX,3007.81,COURANT,123
124,38721677,2023-07-27,124,4IR5KIWKUKTE5HOY9L4KQVIP,6178.78,COURANT,124
125,40287262,2023-03-06,125,TU9NIHY4HH6O3EXVGY7JSEDV,9868.1,COURANT,125
126,62031054,2023-07-21,126,XJF7SMDSSXFCUS6O9726ATW9,4481.53,COURANT,126
127,88305566,2023-12-27,127,47SX9VQZ4UB9DFIRMHY39GK8,4369.98,COURANT,127
128,03771723,2023-12-16,128,I1CCNG4Z8GYTM0303E50NFFD,1052.65,COURANT,128
129,00652801,2023-06-08,129,VIO05U6ELYOUO9ZSKVCOD0X2,5103.1,COURANT,129
130,98154448,2023-11-09,130,KLHTUJKYAGRXGDKWKP0MHQ3X,7470.1,COURANT,130
131,88044566,2023-08-07,131,HOQCAWQRQ8A8IIYU82E11U2W,9101.63,COURANT,131
132,28327129,2023-07-13,132,67Y7IKLWTCIS9YGHAAGPEJNW,3581.74,COURANT,132
133,11771380,2023-01-12,133,G89KPIKTYVVB36LFU5259BZM,4639.12,COURANT,133
134,40350275,2023-01-15,134,43SWU6U19417NFJBUHGR269I,5716.38,COURANT,134
135,65462747,2023-06-26,135,0G55929GILUB5LGVC9BV6BV5,8264.83,COURANT,135
136,19869257,2023-04-20,136,HDFCCNAEZY5ILUHHM4H7JX08,9981.22,COURANT,136
137,90337839,2023-11-24,137,JIFPJ9HCB2PC9RQGCN17BMR4,9423.42,COURANT,137
138,95094386,2023-04-03,138,FEVR3VF9KAXWW0T9F4NHYX1G,6913.42,COURANT,138
139,80919880,2023-09-01,139,FXO0T905HAVGVVEJZJQ4IV1A,8924.73,COURANT,139
140,70651765,2023-07-18,140,04BAA2ZLAVDHHZ3YB0JQCIGY,2625.89,COURANT,140
141,27398981,2023-07-01,141,ZT6KVEMBY0ESOXKD67PHGWHN,4589.3,COURANT,141
142,13408303,2023-03-16,142,IZVTIDO4ZFPS8K1C52G32WO8,5851.51,COURANT,142
143,77609862,2023-05-17,143,75XQ05SJPVCNOSYDSDHR3FLT,1989.6,COURANT,143
144,27385867,2023-08-04,144,8W6KZF1AEFN3AFXSCEBSYRUO,2277.72,COURANT,144
145,12069999,2023-05-11,145,VEXRMYECLUAEZ30VTH2CPZ54,5697.56,COURANT,145
146,72222144,2023-09-27,146,2GS02OJOJPAJ0D0KMXMUMXNG,8399.52,COURANT,146
147,44359747,2023-04-13,147,PGWEEZ34UO2U16MOFJO0IDCO,2347.31,COURANT,147
148,62340249,2023-05-17,148,ZMGWMYT352FRYYSIPA08DZKV,7905.36,COURANT,148
149,17137431,2023-11-23,149,NJ4WADL27MHEHB9BJKDXKT3Y,2200.21,COURANT,149
150,71854754,2023-04-02,150,E98AQWCDZBVQT85DX1PKW960,7734.57,COURANT,150
151,65647217,2023-09-06,151,6N91MSES4VS9NH0JEB5HTILC,5538.49,COURANT,151
152,23569832,2023-02-07,152,6YJVT6N3POAJ253BR3GRBKV1,7907.52,COURANT,152
153,22618720,2023-10-05,153,QWMZMXSAC7Z9ZSTF16U1VA5J,4089.08,COURANT,153
154,41414003,2023-01-07,154,Z0GJB05R6VQ6JFG70VC9D5G2,3552.08,COURANT,154
155,42491256,2023-11-04,155,9B6UN4NOBZ6SY7ZZIOWNUXUF,5436.18,COURANT,155
156,11003512,2023-07-28,156,LZV44XRUP8K9XU8U48GJGG2O,5077.26,COURANT,156
157,72168771,2023-04-05,157,E9K0H5PUAEIX26AIM2SWFV63,5093.93,COURANT,157
158,67992529,2023-06-02,158,3U3DWK7EHQWTGOC861L6GRC9,2786.72,COURANT,158
159,17407559,2023-07-28,159,EJG9HU79BPS22XQJ87T6JQVT,9831.93,COURANT,159
160,73588334,2023-08-26,160,W36LZVP1S3OV37W0DPW3FCLH,8719.91,COURANT,160
161,70455663,2023-04-19,161,762BCVGNB4C3IU5LSKC60D6V,2067.6,COURANT,161
162,71163035,2023-06-04,162,3OVTG4XO1HYAPZHQ70BVTOIB,8586.79,COURANT,162
163,78360756,2023-03-13,163,5YZLBFIHG3LX9B5PAP9U6BPN,3292.67,COURANT,163
164,25119230,2023-03-27,164,FS14J9Q37BQG9CL6CRB0BRXC,6765.67,COURANT,164
165,19076596,2023-04-03,165,0Y85X4JTOPF54UDK2H6T87R7,9102.45,COURANT,165
166,20341098,2023-06-14,166,E7HLN5TR7MM3U0XQR1BG7UPN,7245.82,COURANT,166
167,05455962,2023-09-25,167,RNY0IAUG3YLYEV1H8AMMRVCU,5229.72,COURANT,167
168,50611386,2023-11-11,168,ERLYRMS8I2F0KOH20HOLLA9I,9862.93,COURANT,168
169,88763943,2023-03-18,169,O43CYWPWEJJRQTMRIT0SQI8L,3257.1,COURANT,169
170,83129252,2023-06-04,170,CE19D5Q4MNMZHYTEMCNHOXL8,7659.93,COURANT,170
171,96804549,2023-10-11,171,EN9XSFR0I1JFW6JPYQZAWHMS,3432.34,COURANT,171
172,32433533,2023-04-06,172,G2BQH3WEDGKFZWZ56DQTIL4U,7537.81,COURANT,172
173,17148705,2023-02-15,173,FUEVE0RKGKQISJ5UV6XZ7T6T,4013.59,COURANT,173
174,65147826,2023-08-01,174,M22RQ5ABQK9FAUS62N0J16ZP,7505.41,COURANT,174
175,37115575,2023-01-10,175,V7NXW2QAQWJ4QHVRXHBPNZPO,2887.44,COURANT,175
176,79838666,2023-06-24,176,P1XPE0HHJVBNN7YJIS0WQROH,8438.11,COURANT,176
177,94395560,2023-09-15,177,RHJWE2DG289F4YKMRQ1R9W1Y,6746.8,COURANT,177
178,10364767,2023-12-05,178,BC0VBEE8M0KFTY9YQGK5QBPY,8662.73,COURANT,178
179,75676860,2023-09-20,179,FDIJ9XD8OELXFXBNDPN8QDJ4,4628.93,COURANT,179
180,28850982,2023-08-13,180,SUC288418MPDB9WA99YTIAXM,2090.27,COURANT,180
181,05188121,2023-02-09,181,ANPOPQJ1M08YA49O5SP85389,8717.16,COURANT,181
182,29030104,2023-03-09,182,PUP7OHN1Z4CNFCPOVMYQ3I4C,2840.06,COURANT,182
183,43093328,2023-11-05,183,8J9CW21ZTH6QR2YBRR9LARFM,1064.07,COURANT,183
184,84770784,2023-04-16,184,4IQX9C4WTM05DB6YNI7253TU,9617.1,COURANT,184
185,37197275,2023-04-11,185,MUFNL7EE4ZJ1372CB5SYUYP1,5615.14,COURANT,185
186,62573052,2023-06-19,186,CS3MWPCA5PU4HW24CP6PO2PX,3554.78,COURANT,186
187,02253404,2023-04-02,187,4P1JZCYNB0KBXKB0EHW10M6A,7619.37,COURANT,187
188,68121158,2023-09-04,188,BNA32D5FUO5Y1MJB6CR87NQT,2520.16,COURANT,188
189,31053589,2023-01-01,189,C3EOTE0E5NI3WQ0DVHBC08NV,2910.99,COURANT,189
190,38888336,2023-04-14,190,HRTGB5ZYYHUNK2G590CTVOB4,8269.74,COURANT,190
191,23909679,2023-01-19,191,TIN66V6JDHELXX3EBEWQOIYG,6963.18,COURANT,191
192,70383605,2023-04-13,192,IAY4Y8FD18OD75A892KOXQV2,2788.44,COURANT,192
193,15353553,2023-05-08,193,FHUQIEO1SKV4IOT30C7AAM4Y,2123.53,COURANT,193
194,38530271,2023-05-21,194,EKCLRE97HOUNYLQLO6JMLD5N,7625.6,COURANT,194
195,47412441,2023-01-28,195,JDFCQCM1Y6XC7C6O2WGOVPM5,6564.24,COURANT,195
196,21339972,2023-02-26,196,0IZPO39K53J79KKLQHG4OOK5,9561.99,COURANT,196
197,63097256,2023-07-14,197,SH3FTC7HSJUAJ1UFPQNZC6I4,3958.79,COURANT,197
198,79421533,2023-01-28,198,2EG9UH6ZPYZV8W3BCYR51S6U,7998.79,COURANT,198
199,51017795,2023-12-21,199,760182Z3TXW91P7M2PSI1VKO,1121.46,COURANT,199
200,95318417,2023-05-17,200,K3BC3EMMAMEXGSP37XVJP4Y9,9795.57,COURANT,200
201,14959083,2023-07-12,201,OB2P4N1BIHS4ORQ1QO1B39WJ,3782.18,COURANT,201
202,97517367,2023-08-28,202,DITR6CKXQEN1UTH2Y8KDXOEZ,3527.85,COURANT,202
203,06436809,2023-11-13,203,0OBYK78V8VTXQPLSXBD0PA5L,5107.2,COURANT,203
204,74207007,2023-02-08,204,8S3R26ZPU2AUVOC6H2S2ZZNP,1532.13,COURANT,204
205,80430614,2023-09-03,205,ZZY68M07C1ZB2IORM2WNP7ST,8710.19,COURANT,205
206,94742410,2023-04-25,206,GD69T8IC8I22T6LBOIFSBJB4,1689.98,COURANT,206
207,45168283,2023-10-02,207,B1HFWOT5LR3SS8DFFVNCD1G1,8557.56,COURANT,207
208,78501914,2023-07-25,208,TDF76VXFVRUP6HL100HF3R9N,9009.84,COURANT,208
209,63531196,2023-12-24,209,5LSK73NFQOPJEZGJRXMI0VJE,5852.47,COURANT,209
210,39119402,2023-05-23,210,NYH7RIWJJXK1R5Q3RL3GB99L,7972.77,COURANT,210
211,03032293,2023-06-09,211,021DTUQEJBJYFIBA1ICH6VBS,6521.06,COURANT,211
212,05340429,2023-11-09,212,I2GYULEU76M66O1F9ZA2HF34,6283.16,COURANT,212
213,48078362,2023-07-27,213,FQ91IZFJQCQN571OTQH70U51,7307.59,COURANT,213
214,00117523,2023-11-21,214,4GM426CHSC6357NOMPM033HU,9705.53,COURANT,214
215,53855291,2023-07-05,215,TAIA47MRPOW9TZG4LNOQB0NC,8714.85,COURANT,215
216,30093453,2023-07-15,216,Y85OSAC4RIKLF1TVCZH5VSA7,2788.64,COURANT,216
217,67395974,2023-02-01,217,RZJGQ1Q4JPCRM1EOG2MX1KWW,5277.41,COURANT,217
218,11345061,2023-10-15,218,XKJL5UE4EU1I7P6WS25Q7V5Q,5407.94,COURANT,218
219,42840583,2023-03-15,219,9OVSOM4LPWHEA3B0YFH37MXD,1679.95,COURANT,219
220,30925705,2023-05-14,220,T9SYS1K1YVYBJ4AR1CRT8F0S,6242.55,COURANT,220
221,43499882,2023-07-28,221,UEDYE2PPFXJ3M8U8K8VGM9FA,3463.25,COURANT,221
222,29687395,2023-02-10,222,7ZHS87E18FBFWQKO34JT22Q5,7626.55,COURANT,222
223,63379013,2023-10-19,223,KS4XDLIPBKQOW0YLHXPSU8QA,6097.25,COURANT,223
224,27119287,2023-03-11,224,1UICOIQTTW7OX3FOZOVYDLIA,8519.9,COURANT,224
225,13067754,2023-09-08,225,2GPMA4APMM4P4OR0V00424U4,6624.51,COURANT,225
226,62906417,2023-01-11,226,A605ZWNX4OJRJCI6SW4SVB3R,8584.98,COURANT,226
227,85075557,2023-02-18,227,2293S04FCTEH6A4F37AH9B9P,6079.8,COURANT,227
228,39822425,2023-02-04,228,30VZ1VLITPA1WL67QFSFXS4O,8335.08,COURANT,228
229,67671281,2023-04-04,229,2VG5GYD0O2VYN01BZA1MK5FW,5808.05,COURANT,229
230,36133460,2023-08-11,230,W9I2SX46OO1YX9HUHDNOSWLC,3326.69,COURANT,230
231,09249147,2023-05-14,231,92GCNJKN2N2AAK5JK30FQFEB,3885.27,COURANT,231
232,83449233,2023-01-23,232,BGLKHPTJUMKFKA1PSZ3EN1C9,5831.33,COURANT,232
233,21659631,2023-05-27,233,1JE73NMAWRJNVVG6QNQ84JRZ,6227.88,COURANT,233
234,23818687,2023-11-16,234,RKMUTEN6XUCMDEV8LRDOTOW2,4042.98,COURANT,234
235,66723776,2023-10-25,235,AZKWFUYIGF6UO80JZCUUUKB8,4060.33,COURANT,235
236,51940153,2023-10-09,236,AZWT3AW78Q8C1FQ6GXP278WM,7598.69,COURANT,236
237,62681696,2023-02-01,237,RF9OR0BC5XYJ6INKOXD2G8F0,8495.17,COURANT,237
238,61846285,2023-03-16,238,UI8F8ZYIFJZ1EY4FZ4BCCR1H,7059.01,COURANT,238
239,82897035,2023-03-07,239,HWCGJIUCFMMUXLSVLRC470SB,7407.83,COURANT,239
240,70069626,2023-05-15,240,N9ZIQOLHDFDOM6WYP1LMUXRG,9537.2,COURANT,240
241,35997183,2023-12-23,241,DY2S739NMC1Q4L7N54O7GA9Z,5997.98,COURANT,241
242,19438915,2023-01-20,242,2ALIZV8HQSE40QJMOXZDFTQN,7835.37,COURANT,242
243,33040257,2023-12-11,243,2AK6JV08EGS4QP0ZL76E027S,5863.67,COURANT,243
244,46557870,2023-12-16,244,65UFD3GTIE071RO4U582TMC9,2092.01,COURANT,244
245,16345849,2023-11-08,245,7T912YPM6HSGK0RDLCD7YEYI,6254.94,COURANT,245
246,13729699,2023-01-21,246,53EA75GBEQPG6V82U7PO5GKF,2323.72,COURANT,246
247,84389987,2023-04-06,247,QCFWBE2MPC3KQ7C1576CHFUU,9464.15,COURANT,247
248,90561278,2023-01-06,248,RGI16GGYRWW6U835D9VNDPP0,5127.29,COURANT,248
249,78603263,2023-01-27,249,KKZTXCZCCXC2MSYTLNRNGK7V,4267.6,COURANT,249
250,82370995,2023-03-17,250,9KNHYSW6264X0956A8S83UKQ,2445.75,COURANT,250
251,70874699,2023-01-03,251,T96KG5VLXZUBMYKLU3BD3GWL,3685.63,COURANT,251
252,68499154,2023-12-21,252,586OWU0S9E530GX7E86LNCJO,6656.72,COURANT,252
253,13364167,2023-08-10,253,RJDXCTDRCRL551RWFSL31YAT,5572.08,COURANT,253
254,88832394,2023-11-25,254,P7NOVM4RLSP8KUN1LHVXD93V,3290.57,COURANT,254
255,89883727,2023-02-02,255,3TLQABZTVCUDONFPQRQD8CT3,5349.66,COURANT,255
256,56652644,2023-07-17,256,UUKK7LGLGIKF8ETR1EL39P0L,3309.96,COURANT,256
257,12401948,2023-01-17,257,6M1GVGLJAVCEKUMK6VMVG8TF,1413.91,COURANT,257
258,27306263,2023-08-10,258,JU9KCFA40N0326ARZQM7N4GX,6725.85,COURANT,258
259,99053998,2023-01-14,259,144AOHDIKLDQFJHPDLFX24GE,1875.28,COURANT,259
260,59546915,2023-02-05,260,6BIW3D21QBA9E17K3YEZ65DD,2917.98,COURANT,260
261,17022896,2023-05-13,261,62XXLQSNMMGND0224F51BN11,8392.83,COURANT,261
262,86213504,2023-08-27,262,9HE7Y08IBRO0R8PQX1M96TJZ,8728.76,COURANT,262
263,45327934,2023-03-05,263,74PRCYYUX6X6FDBSQJFMB6CR,2964.92,COURANT,263
264,62806093,2023-03-26,264,2UBFJKEGVVGPG9Z38BRWUSJ6,1794.42,COURANT,264
265,60534721,2023-02-05,265,WGMEJ7LN4U65CSBD4JNWLA92,4790.81,COURANT,265
266,11022285,2023-11-02,266,WMMHHST8IHK1DAHHK42J6JCK,5660.15,COURANT,266
267,76018345,2023-07-24,267,FM4HT78LG5VR0DO7I52BS67V,9537.9,COURANT,267
268,18074291,2023-12-04,268,UE89L1KFM11375U8786123L4,5143.9,COURANT,268
269,95546792,2023-07-26,269,PK2XTNL1KD4LBEU9MRPJAVS8,8929.25,COURANT,269
270,94234833,2023-08-26,270,05KIYU2AY229LK57R2CEORLI,1566.21,COURANT,270
271,27195094,2023-10-19,271,ESUUDSBPLYA59QJCP0GPEX2Q,3532.69,COURANT,271
272,13166788,2023-03-11,272,831INFQ6XNVF8NK4AHXJVZG2,9415.92,COURANT,272
273,39708974,2023-02-15,273,VD9HB9F0SFR2W6467JLKPYEP,8112.98,COURANT,273
274,66258385,2023-02-14,274,8CEE8D2MX9MG48MEDR0MQ5L5,8991.29,COURANT,274
275,38755420,2023-02-06,275,H7PSGNXNRUDU9UETF6ZLBUBA,9150.76,COURANT,275
276,44033832,2023-12-26,276,VZ3L77XNYLBO76EGHX1MAD1J,3529.65,COURANT,276
277,60698335,2023-11-18,277,IPU1UT9UID0FR095O8N80BXL,4818.69,COURANT,277
278,52289215,2023-11-12,278,0846ARNQMKOZCX55T98NNUKG,7867.95,COURANT,278
279,42919383,2023-04-03,279,6FDKP1MUGLF58KIYQJ62UDRC,3614.0,COURANT,279
280,56071636,2023-08-22,280,FLYPQKAI93NJCGCY8MQBLAH6,7145.64,COURANT,280
281,03107228,2023-01-03,281,V5OMK7P3PQGGRCTYOGCR5NWP,6069.61,COURANT,281
282,89042213,2023-09-27,282,6FJJLJWGVRFUFNJG0EC3GYSN,8855.88,COURANT,282
283,37638527,2023-03-16,283,5BA5QQ4LMKW1CXL9Y4FLLZEM,9251.77,COURANT,283
284,53368056,2023-09-06,284,CIDBPYH7V4MKZMZZ96OBL1C3,5312.56,COURANT,284
285,63499438,2023-07-01,285,JWCEWJRJASBSFI0A2OVWWV20,5700.82,COURANT,285
286,79776078,2023-10-25,286,GEIL92W1FGSQLSSFTJPXL26M,1015.5,COURANT,286
287,40674195,2023-06-04,287,POGNY4YVB82JVIYXXJX3A6HC,8652.87,COURANT,287
288,72244906,2023-06-11,288,P5C4PB5OOE8Y8P485FJF25RM,9827.7,COURANT,288
289,72311382,2023-03-07,289,HVU7T6XAHGOH4DFRVX0OYBO5,7446.2,COURANT,289
290,42697608,2023-11-07,290,EHA8IMSGEJO6XZ4SQQPW069B,5585.02,COURANT,290
291,10339910,2023-01-19,291,Y0KO74I54T95O8RV9RCIUA61,8945.3,COURANT,291
292,59593616,2023-06-13,292,VXEFZX80OPMDGU25HM2ZXOZJ,4945.26,COURANT,292
293,75389407,2023-03-16,293,0G306SOHYU54KOYGY9ZKT6WW,5219.81,COURANT,293
294,96993813,2023-01-10,294,DUKFCLSKJQM6TWXC6HWKEURR,9934.8,COURANT,294
295,90453147,2023-11-16,295,V09JCTDWICAXWGYKHZ24Z9FQ,6482.96,COURANT,295
296,51636425,2023-11-13,296,XWT3C6D9SLMUIVSTAFSXM4DB,3357.84,COURANT,296
297,04140081,2023-01-01,297,7L5YTOIER4OHNGR21VRHO6BL,5106.46,COURANT,297
298,31676938,2023-07-23,298,OZG41JIEC1BZOM5WZ00HBJKS,4172.28,COURANT,298
299,99600032,2023-07-07,299,6R1UQUJ0EL61LOF2M0XBFM9C,8594.08,COURANT,299
300,03376342,2023-12-07,300,L0OZPG748KE6LYSEIHLDLSVT,9357.78,COURANT,300
301,76625805,2023-11-12,301,PFGAY09X4W0JFU7F7G6BP1LX,2954.39,COURANT,301
302,32425623,2023-09-16,302,EERGGXJZINA6TX3E2WCLFNA9,3048.45,COURANT,302
303,35862497,2023-02-02,303,YKPJOX2C1C7ZRFMW7WK0M3FX,7661.36,COURANT,303
304,61221147,2023-01-17,304,M9J9C8JO17BMHBCQHT4LU69P,4707.31,COURANT,304
305,40843204,2023-01-26,305,EWN0MYBIVCUF9UNK8PCRXE6N,4638.73,COURANT,305
306,72417091,2023-03-10,306,AYLNAN0583IFQ15NDUHML5RQ,3537.27,COURANT,306
307,07938132,2023-09-09,307,1J8O3DKQLREFQXZ37TUT1XSM,4461.1,COURANT,307
308,75452826,2023-02-27,308,S71REIQJYKSO90ZDEFI2Z3RH,5293.77,COURANT,308
309,58241653,2023-08-06,309,HMUTFGCE4PDJDIAS05LNO90U,9914.28,COURANT,309
310,14375354,2023-10-03,310,LANWICQ7ZZ5USXRIG4AWL6Q0,6883.03,COURANT,310
311,34752376,2023-04-22,311,GN5QX1SRCK4M9G0ZLMJ38PRZ,3368.67,COURANT,311
312,58327030,2023-09-07,312,29RDESBPEQ5XWF7I92221K16,1487.84,COURANT,312
313,74526789,2023-08-24,313,5SOF3AR31ESXMNNIHA795OD2,5705.68,COURANT,313
314,57904950,2023-10-04,314,BR8W6A0XV9JGYV0GYQCAJQO8,8806.36,COURANT,314
315,55176201,2023-01-15,315,RY528YGRJPLF1U2QKOD8FH5R,6889.62,COURANT,315
316,70264058,2023-02-16,316,Z3746KVGXQK15SUX6D2C30D7,6987.59,COURANT,316
317,60476735,2023-07-01,317,0U5QP9PNDDYARLKLY9RQSBRI,5517.08,COURANT,317
318,23135747,2023-09-10,318,NRM618YE5HFMIWOBWZ1KYKPS,1139.53,COURANT,318
319,71674564,2023-07-22,319,FEFSF25LML9UM27DZVDMO8CS,5802.51,COURANT,319
320,51213523,2023-11-18,320,EJ6L8SYOUAYKDH4M2GRM0RM6,9594.07,COURANT,320
321,36558146,2023-09-12,321,2E842KW6KIE5M9N3AS59ECQ7,9712.89,COURANT,321
322,83224633,2023-02-02,322,19X7MGF2FHALGSBEBR0HOAU0,2378.3,COURANT,322
323,55078480,2023-03-03,323,9Z79QVXQYX7HYDZ55UKZ5AZG,6146.11,COURANT,323
324,78855331,2023-07-18,324,J23EMFZZD8RX5LR9XCL3P22I,3161.68,COURANT,324
325,97991874,2023-05-13,325,79W2F5U6BNKSBXFSTZNPO0M4,9088.45,COURANT,325
326,95945840,2023-06-08,326,GJLBXFC36ZGPWY8EIEUAOJNQ,3539.06,COURANT,326
327,89100812,2023-04-10,327,UPBE3KOF6G145E645TUO1SCU,7460.68,COURANT,327
328,52274705,2023-03-09,328,XVW71F4P0KC3021SX33GX5QO,7135.35,COURANT,328
329,43238248,2023-12-10,329,JPANW9F49928W0UBWKQXYUQS,5812.27,COURANT,329
330,40641402,2023-05-14,330,BBF30CO9I07HWLWEIA0WGUGX,9425.4,COURANT,330
331,38912776,2023-10-08,331,YQIGATT0MY7OLR280GNZA6TZ,1962.55,COURANT,331
332,66394753,2023-02-05,332,H8NTVY5FJQBRH55LC6J978EI,1776.55,COURANT,332
333,73636834,2023-11-03,333,BTXAS3YITL0CI6IM9CWI10C9,3000.2,COURANT,333
334,89179943,2023-03-07,334,85TP1M5BNJRCPLQ3T6SQ2G2Q,9391.86,COURANT,334
335,29053234,2023-11-14,335,UY8IWTNKZQ9GQZUUFNQLSDTH,9424.21,COURANT,335
336,46771029,2023-10-05,336,C2LVVI3DWIZKKXDLHI16FICW,9048.49,COURANT,336
337,57563162,2023-07-14,337,CWVVJWW8CILIJTJROCLINVHJ,6463.1,COURANT,337
338,21642164,2023-08-12,338,4143FRT7HAF9B4ZCVXBHQWSM,2517.44,COURANT,338
339,43942950,2023-02-09,339,0DRADHYTXPEY9367392VCQA3,4985.6,COURANT,339
340,60223853,2023-02-17,340,INMTXZSW5ABS6Z4F5G0IZ6O7,7025.24,COURANT,340
341,93523055,2023-11-03,341,8JOR3JXQ8NBBZ7E1AFIR6267,3416.88,COURANT,341
342,59298815,2023-04-16,342,ZEEI8VPRVTESHUN9UB8A75WI,3395.55,COURANT,342
343,68591998,2023-02-27,343,I17GMB0QIO9W67IPSFQUP3VN,2502.65,COURANT,343
344,44221951,2023-05-06,344,ILDAUZJKZ745A5DFD0BGR5OW,4828.03,COURANT,344
345,24901427,2023-10-07,345,MKEODT9Q8EWSWU038AV4D90D,2517.24,COURANT,345
346,16763195,2023-06-21,346,6GPX6C0D03E40ZJZCVWF2VQD,4261.74,COURANT,346
347,76428628,2023-10-09,347,Q4PCKF0ESQO1EHVXQD15VJNW,2861.51,COURANT,347
348,19104215,2023-10-14,348,3D89LPRZOJTEO484FT0IGK1Y,9566.46,COURANT,348
349,12398170,2023-06-19,349,DM708RDPKVA9PV5M391TV3Q6,2899.98,COURANT,349
350,89370669,2023-11-14,350,BC004AARX39BLPU92J12P7V7,9141.02,COURANT,350
351,99443149,2023-12-05,351,UY8L5TQOGUAQ06YPGZR3Z6CS,9327.81,COURANT,351
352,76476566,2023-09-11,352,9Q39Y1KNDMVZE1CV90V4IWB9,6613.37,COURANT,352
353,33440942,2023-05-08,353,91HV8O9NA7O5XRP47YXUEXIB,7500.01,COURANT,353
354,19589954,2023-11-17,354,GL5M84XQPWD1BNXCAM9A6YLC,9463.88,COURANT,354
355,55412497,2023-04-21,355,9DWLEB7F6VNPF093WTQFJQ9L,1805.13,COURANT,355
356,02473395,2023-05-10,356,BXXZG8BUR70M2BBIT8KU38ZJ,6745.63,COURANT,356
357,87273110,2023-10-24,357,3H2AIVIGT1UXZFEC59JML4YU,5041.71,COURANT,357
358,89690571,2023-08-03,358,F72O2TC2K3X556S8KUXKDU57,3636.27,COURANT,358
359,76506193,2023-03-07,359,IHNH03U819VZB55WT17128GD,1139.88,COURANT,359
360,93055518,2023-12-03,360,9M2Y1Z49DEKPLFOE7S8EMJLW,8070.51,COURANT,360
361,10359779,2023-12-12,361,7JD73CMYOTB2W436G4T3DAS6,3831.64,COURANT,361
362,48919966,2023-10-27,362,LU7ILUI1FYIB0OKZ8REVTSBY,7889.85,COURANT,362
363,96780992,2023-03-24,363,VA7W9DXDK1KJWCQ0KO1ZQQ1W,2812.99,COURANT,363
364,88412912,2023-08-26,364,NCKXO39LIB7B3JN4VSCO9UOK,3179.79,COURANT,364
365,10128188,2023-03-17,365,59CJ18GNCDNXFLWNZEXF0GV8,7972.8,COURANT,365
366,50749643,2023-03-24,366,J1EZ4ENVUWR3VUHJ1HWFA1DT,8434.18,COURANT,366
367,92564580,2023-05-12,367,GSMW81UXSPVAF3LE4VEIB3AO,8884.66,COURANT,367
368,54259664,2023-05-08,368,0JAPSMTI3IKFWUPUZSM3Z8JV,3868.98,COURANT,368
369,95469245,2023-02-06,369,JBLM92NKE0ND9NCGRQ66K5W8,9746.1,COURANT,369
370,88419005,2023-02-15,370,MGEGVLFWBRSKUTWNIHJAAPXE,1079.57,COURANT,370
371,70879025,2023-06-17,371,2QZQO1JFMVFD2VIYUFY558YO,1707.98,COURANT,371
372,23408324,2023-03-20,372,EP4WPK0XJAR9DCKRO6PO1HWC,8369.1,COURANT,372
373,65743225,2023-07-12,373,NZNYOCYS8SX4KPLKXIM2YCOT,4327.39,COURANT,373
374,12949555,2023-08-23,374,0KGY3MUP068UGRECOKUF1SAU,6302.28,COURANT,374
375,25882966,2023-03-09,375,WWV5707ZILOHO3724USSAUGY,4950.35,COURANT,375
376,94151360,2023-06-06,376,3WYCFGWH4R81E7K2GZ2OX69I,8833.98,COURANT,376
377,29819736,2023-01-02,377,B93OQFMI800FJ1V4YXL2CKNL,6623.19,COURANT,377
378,21140786,2023-12-13,378,PRO3ZJFTDPM7OGTV5XVVLQ6E,1787.9,COURANT,378
379,54617884,2023-06-17,379,9C0V18H8XA6J3PW5887Q7W9S,2259.3,COURANT,379
380,92690900,2023-03-24,380,8RIJYQPW3E604JZM8NFSSL3F,1930.5,COURANT,380
381,84868329,2023-02-18,381,C9UTA55KXUCOCCNUQUPJCKPF,7917.74,COURANT,381
382,72085982,2023-11-13,382,2BU6WA8HJZXGPARUU8IMWWRX,7310.44,COURANT,382
383,07580565,2023-02-10,383,M6RNFYMKSPSOWGG7UHZ906H7,9729.87,COURANT,383
384,85167388,2023-10-23,384,2ZFUO9INK6XMC9WQNQZ8RI2V,9002.14,COURANT,384
385,02125216,2023-06-19,385,OGSE4KQZ6WQIRYMLLSMO1Z5U,8113.97,COURANT,385
386,70042933,2023-04-01,386,PZA1351SXOJPPBRHTEZELD7W,2015.03,COURANT,386
387,24777707,2023-11-17,387,OLG20CTH7H7YYG178MK8X35H,9313.72,COURANT,387
388,69778522,2023-05-27,388,SOYMXRK62BEIRDI07CXD0TEK,2103.91,COURANT,388
389,11842626,2023-07-13,389,VYIAY6TCFHQL84FJ19ZGXFQO,7267.17,COURANT,389
390,61168522,2023-02-10,390,T41ZQFJOW40Y5TGO2KAOKLWC,2467.99,COURANT,390
391,05471985,2023-06-04,391,QA3PP1L89YQ60TR5K4PN0PL9,7626.44,COURANT,391
392,14260041,2023-04-13,392,OICUTROLQO4G82KNS1HJQWBS,1831.58,COURANT,392
393,14460416,2023-03-18,393,R77DLDTKASULGC27ZKLV1D7H,6612.29,COURANT,393
394,41215917,2023-05-08,394,4V7VLKZDNZGDX8IBEQ06F1WW,5667.77,COURANT,394
395,90292066,2023-10-14,395,923BI1XFLTXGQ0CRUUN4W5O9,6227.17,COURANT,395
396,15376526,2023-02-13,396,500M5N6UZLA3AZZPOHVKY4NU,6159.44,COURANT,396
397,71545739,2023-10-08,397,6E1ZKOD658GMBC9ETTOTY4RT,9791.22,COURANT,397
398,78778663,2023-10-22,398,GW0DTJ9T5RT7CQYKH9YKXLM3,3090.58,COURANT,398
399,57451531,2023-12-20,399,X56ZLAK45MAD2QB1YRNR6D37,1726.12,COURANT,399
400,73616821,2023-09-16,400,INOOU2MANERZ49DC80ZAIECD,9824.55,COURANT,400
401,69034375,2023-01-01,401,T27WNXOGYJMNBQU7X66PON3R,2652.45,COURANT,401
402,17230338,2023-12-09,402,6D26J64398NNG5L3WLAIDP9I,2390.87,COURANT,402
403,34559092,2023-11-05,403,RUTE486XLGUIPS5Y40MEHTNR,8850.09,COURANT,403
404,26720341,2023-04-24,404,X44QVECKLIMAKRSZ6V9EG3JB,3225.08,COURANT,404
405,72044153,2023-03-09,405,M92XEOFZSX2A43AHJ2DVX86H,9971.67,COURANT,405
406,43506683,2023-12-28,406,I9L53M7ZM5Q5UV1GPCTRQHOL,3009.64,COURANT,406
407,22803353,2023-07-28,407,DU6B0EI18J87AQMS2AG2VAKS,6526.55,COURANT,407
408,78826485,2023-01-18,408,OAWRXYOG0W4S2U0BWNRNVEGD,4924.36,COURANT,408
409,30861230,2023-03-13,409,DLJN8MB3M3J4PZHWXZYWQFIW,7177.22,COURANT,409
410,99258853,2023-06-08,410,N9EXL3KNRLSC5LTG603CISF8,7396.4,COURANT,410
411,59653511,2023-02-03,411,MVYC3OM40Y30RK80O7S6SLH4,4908.62,COURANT,411
412,44685673,2023-11-14,412,NS9SS67NSDJB0MW8CRLBP40W,7172.53,COURANT,412
413,76858710,2023-03-25,413,NIPHNTZ5BA89NQDW4MWFVAYP,1191.17,COURANT,413
414,16604670,2023-07-09,414,ERC26F2F4F422MWIX5FEEP3C,7234.28,COURANT,414
415,25826927,2023-02-25,415,G7YRTZHJVZ42G4SOTJNN9EW0,4628.44,COURANT,415
416,74129788,2023-04-23,416,E00XYAPHQ5MZGIWO3ZJIDHDV,4337.71,COURANT,416
417,29825380,2023-09-18,417,JKILFSU53VCOH6M8GQEKOABW,9962.24,COURANT,417
418,02692846,2023-02-21,418,OJ6Y5SY2Q59ATUW28UDOVC1G,4371.2,COURANT,418
419,11537216,2023-07-14,419,7R7JGWJ1G3T7WOYX9YTB3J4V,4669.69,COURANT,419
420,62911213,2023-08-17,420,1B2XLH8AQGZ9270NMH30X2CA,2405.39,COURANT,420
421,70391456,2023-06-13,421,5MLFQVKG3GG66NLYTDPX3FIX,3057.43,COURANT,421
422,75379227,2023-10-24,422,3MARP8U9VY671PC8BMJKKJUM,8031.94,COURANT,422
423,60138705,2023-03-06,423,37FP7F5U7H0GZ40OUJC0GYTC,9767.13,COURANT,423
424,82913836,2023-09-11,424,CL7ZGVYZ3JJXW67V1MLSBK9B,9405.68,COURANT,424
425,00209137,2023-09-23,425,P8QFAH25U1L7I3UHSCYJX2DK,2962.86,COURANT,425
426,55197517,2023-11-16,426,ZWOE8TE0I8LT16WDXKG5T7XL,5248.2,COURANT,426
427,74368917,2023-05-02,427,1AR3GCWPRZEU66UE9ZM5BBRL,3584.08,COURANT,427
428,69844324,2023-07-14,428,65GRL5QB29SNC41V68KQNUIY,1443.89,COURANT,428
429,42083936,2023-03-01,429,L5LARR7FVDYGJ410AHAJ0MP8,1259.46,COURANT,429
430,33197704,2023-09-15,430,PRX115OMVB8ZJFLBPZGYS8YX,3750.57,COURANT,430
431,56723887,2023-08-07,431,7Z5CUZEB39FWNNKFVYISXTKO,3429.55,COURANT,431
432,00398414,2023-06-16,432,DTUSS8UZ5XP7D2BO4IL9X7NE,8214.51,COURANT,432
433,82410952,2023-09-12,433,V9HERX4IO14LLH9IRWAUM4GD,9350.53,COURANT,433
434,94007815,2023-01-02,434,E0OQBLI1CWUAISYBUU0I3HCY,5485.44,COURANT,434
435,48538791,2023-04-19,435,BHT643DFW2NLXF57CTPSTRV1,2873.96,COURANT,435
436,72829514,2023-08-13,436,V8OEI3KRZ6XCPN0Y8NMT5JOM,1895.24,COURANT,436
437,29606817,2023-12-27,437,NCPBOB36PDN9X8BOOLBDB702,4203.41,COURANT,437
438,96823314,2023-05-28,438,RUTOJDY6XY4CLNNJXP7LZXO9,6738.16,COURANT,438
439,80319425,2023-05-17,439,Y0745O4JHG8RUZKO71WNM6OG,5760.31,COURANT,439
440,26589179,2023-12-05,440,HZY8SHDCBEIUWM6V3OUKH5M2,4410.01,COURANT,440
441,72312490,2023-02-21,441,4BRKO8T1FLKKV1VNTV9V43ZM,8068.01,COURANT,441
442,82565551,2023-06-01,442,EFN0NAVGHZWI3DTBNP45MIDW,4289.91,COURANT,442
443,08498217,2023-11-16,443,M6M580GJW58CH3V5JIGZK98O,2167.15,COURANT,443
444,99777647,2023-01-03,444,F3MURFYWFCOEWXX3KCADK3O6,6065.19,COURANT,444
445,48354626,2023-07-19,445,I15UGL89PL478HEL9IO6OBHO,8460.96,COURANT,445
446,28051531,2023-08-06,446,YNRHCR81K4SIT4RVMOEI6XMZ,9841.52,COURANT,446
447,96508654,2023-05-28,447,IS09LDRSR6E9SSB2HWBIDAQW,8171.27,COURANT,447
448,40123635,2023-09-24,448,TKFKM6UI0HE3Z2FQ835UAGYX,1044.03,COURANT,448
449,15518111,2023-06-16,449,L1I5VFG2HQ5SOTVKOZIGZBH3,9421.9,COURANT,449
450,42724258,2023-01-16,450,0LXGUIR8JUQ6E8LTCE4KC7S5,2518.2,COURANT,450
451,29323357,2023-01-20,451,Q0A4RXJNHGOOSKS3CQAJFUQQ,6318.89,COURANT,451
452,74226581,2023-09-12,452,XHEZQ3NCV2RUVTX5YB7XPWO4,1263.15,COURANT,452
453,30703356,2023-02-23,453,Y1FF55Z51LE4P2INRF8PEUY1,4507.06,COURANT,453
454,99686900,2023-02-27,454,7LD9E7MDTB6Z7IKPRV3FCA9L,8219.66,COURANT,454
455,43907646,2023-03-24,455,LHIPSC1HK47AN2IJ118UVHUZ,8750.36,COURANT,455
456,81427463,2023-10-12,456,0ART15OH8PRK74UT9NRLAS30,2419.59,COURANT,456
457,73864026,2023-12-27,457,PPPKAHZ1BUAYK640NSEF0VMT,8765.84,COURANT,457
458,65751533,2023-07-06,458,NWRPFB9PXYOSZT9J2U0OI7G8,2773.93,COURANT,458
459,39749937,2023-03-14,459,FAZ6QK8MRPG4KECQL04693D8,5568.93,COURANT,459
460,25840860,2023-08-10,460,EDV849YHDJ6PYC2HWRUMKR49,6047.85,COURANT,460
461,12263123,2023-08-02,461,80WJPK9KKCFL8GPHIEDU6JWT,2029.9,COURANT,461
462,62135770,2023-08-21,462,XYGOXXR6WOH2NID8OKWZQVON,9414.76,COURANT,462
463,93102461,2023-08-07,463,KRF7K1HBDF65XWYX58106L4L,1465.01,COURANT,463
464,75274484,2023-11-01,464,YFTOV3FHSENI22PHFSV3GHVV,4797.38,COURANT,464
465,31365985,2023-12-21,465,YADB377ENI0SBXN7NZBYU5NC,8830.13,COURANT,465
466,09252613,2023-04-17,466,GRRS7919QZ8B5XPEXILQKHU3,2417.18,COURANT,466
467,46279601,2023-04-23,467,0O28XH71ZAV605IUCZN9DHW8,1236.52,COURANT,467
468,46541398,2023-11-23,468,5IJ016OL01YXO31AKSD7QCJC,7275.96,COURANT,468
469,77649743,2023-09-28,469,Q49QVIT8KJETO5J21IQ9YKCN,4516.42,COURANT,469
470,19848222,2023-09-02,470,DO19Q1HRKF2BF0PD2UCMIC6X,3239.94,COURANT,470
471,84501868,2023-04-15,471,BZ56PCK0ZZ6GMPFLPMQRK0YN,3874.08,COURANT,471
472,64254168,2023-05-28,472,D1JFR26S6HQN68E8YFF791OM,8313.51,COURANT,472
473,19651777,2023-12-03,473,M99200JFDLDZXK0VTDT4ET2Q,2066.51,COURANT,473
474,56772722,2023-08-24,474,KM4YXPJHGDVKETYE0NC6I6O8,1251.28,COURANT,474
475,83265576,2023-05-01,475,J8LL8JHY1RWW8Z9C1IERW4JQ,4639.71,COURANT,475
476,97923728,2023-07-27,476,RPHIEN9HNPRW5AZMAJWPISVN,3507.59,COURANT,476
477,25763285,2023-05-10,477,MYIKP85THD7MEEK9BOU3NIGU,3476.47,COURANT,477
478,79608085,2023-05-04,478,R71OUPKR5DZQBZ7QLIBSNCMO,6472.47,COURANT,478
479,13730172,2023-03-20,479,Z2NPFDZ93LDT7OT51HMQYFW6,9016.31,COURANT,479
480,43818526,2023-10-14,480,4SMGWXWZNJAW617K8J59H7ZW,4513.68,COURANT,480
481,17204125,2023-08-08,481,8VJI2G7I3ECO1N77C9HVCZ1F,8602.85,COURANT,481
482,06844881,2023-08-23,482,YETRQOCWPTPSFYCIWQ1PC5CJ,6580.01,COURANT,482
483,61307012,2023-06-20,483,L7KUGY9LDAG6H6A695YKS4XC,2616.27,COURANT,483
484,85339037,2023-12-28,484,OALKM6DRGFPPDX9722A31961,5769.66,COURANT,484
485,33560462,2023-03-08,485,IIHB5WD777RKNVQ8GAFVTEAL,1549.19,COURANT,485
486,47957083,2023-06-03,486,JOBH4WX3LM5ZZFKPKU7FX3E5,6453.5,COURANT,486
487,00265748,2023-10-08,487,QUWKBZQMXIPOENYL971X2UJF,8675.7,COURANT,487
488,31522128,2023-07-14,488,BOX0XA4BY22BR15EJ9QGMWTD,7910.79,COURANT,488
489,83885680,2023-04-03,489,MYHMRSU59AR7P42V9WKV9705,1993.78,COURANT,489
490,79653440,2023-11-27,490,V8M69W8M2VOV8LRH9JWOG9U9,9010.44,COURANT,490
491,55357165,2023-11-13,491,0BWOI5HWEXYZBDU6HQS0PZ5Z,1198.49,COURANT,491
492,50625950,2023-11-07,492,DEEL92FDBDMQKQHBYSEFEIES,1232.06,COURANT,492
493,97843650,2023-07-18,493,XUQCUOYZWW9AI0YNR5CB772X,8783.72,COURANT,493
494,40936956,2023-02-09,494,0SDI75OOIFCEUOL6HPV8AIGF,5572.93,COURANT,494
495,17657630,2023-12-07,495,AHYJ6Y42DWVIK3A16K6KL7NS,3381.12,COURANT,495
496,76281099,2023-06-07,496,MVK2TB1JDOBPUEO6AH75F1NI,4623.48,COURANT,496
497,42300428,2023-03-26,497,DIT6GHERZRAG4P69IRVR405L,9401.77,COURANT,497
498,42357910,2023-02-20,498,IUU0AF49OCWI0BYFMWX125D2,2588.12,COURANT,498
499,17609970,2023-10-19,499,CKDRCHAS6VLYV3BM4HOIC0K7,5496.61,COURANT,499
500,60628903,2023-03-02,500,7613LE7EOQMHOKQYEHU9E98Q,4764.4,COURANT,500
501,97853552,2023-07-06,501,AB9NP8MS8LHP7KGX9A40KXCH,9244.15,COURANT,501
502,51448072,2023-12-08,502,SVYJNMA4PEUGCKWAK8CIZNSI,5052.72,COURANT,502
503,98513265,2023-01-01,503,GIL4RB26F18VIQDK998HX9M9,5725.16,COURANT,503
504,58677425,2023-08-04,504,YDYKFQZY3X5DB2TOT3LNN7N1,4988.68,COURANT,504
505,14644637,2023-07-23,505,DBK5ZCZ3XML0WIFLJ5CJ7X6S,5238.02,COURANT,505
506,32818031,2023-05-05,506,CEY5S2CHD6AMU4UGLMEZOB3C,9067.95,COURANT,506
507,00384052,2023-10-09,507,J73JDMQ7G9OUXYY5IMEHFK75,5013.35,COURANT,507
508,37818261,2023-10-01,508,UEJQR8Q1HHVJSIMIVH2M2JR2,1904.18,COURANT,508
509,65863268,2023-05-22,509,9NMYTM36KQM9PH3VLBI063M3,2492.53,COURANT,509
510,09760333,2023-09-11,510,SV7TE96RQBQP60PCX6VSS5M0,6935.0,COURANT,510
511,14608677,2023-11-16,511,VYO8FEE1LSIPNEYJATSPXJPO,8743.02,COURANT,511
512,52107503,2023-01-07,512,PX9656TP2Q8JI0B5F7Y0N2L1,4316.81,COURANT,512
513,54654855,2023-08-24,513,3BIIDQ6PBJJ04NQ44YDVRNT8,6885.87,COURANT,513
514,17804767,2023-04-07,514,IPZMIH8C7KGY9IBVDSS2J9FU,2374.98,COURANT,514
515,04993876,2023-04-09,515,AORLG9HB9R3CA7R932MAYZ5D,6340.52,COURANT,515
516,78757863,2023-10-09,516,P1T4MU9QCRIR8RY3W0HWFZ0Y,9938.5,COURANT,516
517,47695592,2023-06-12,517,I59YY06CBJPSW02XRVBNJK94,7141.24,COURANT,517
518,68001863,2023-05-06,518,JR7JT6DWWL9AEQBV21DG95CP,9168.76,COURANT,518
519,87454180,2023-03-22,519,4C8SYUM7FCRIFB93FXJDT6G4,6627.88,COURANT,519
520,10006954,2023-02-12,520,HUJB9GKRCA3X6QDIN173TIEV,9942.79,COURANT,520
521,81204715,2023-10-28,521,AML90NISGHU4OZB9ZFVKAQP0,3273.85,COURANT,521
522,42707379,2023-01-21,522,UJG06FVKAQRJV0TB3K8JIUZZ,6421.95,COURANT,522
523,70217189,2023-03-20,523,RW0CWK9F326CGTS2KUQZ5KKW,7905.81,COURANT,523
524,95241650,2023-12-19,524,IYV6LN5QV1QWKA2JPAP6E0CD,4918.1,COURANT,524
525,19130918,2023-12-18,525,BLNT8CLPOILV6VHBDNMQ60XF,1657.17,COURANT,525
526,25793424,2023-01-10,526,4JP0SZCR9ZEMUJ2FNU1OJWXF,5106.36,COURANT,526
527,82241928,2023-04-26,527,B3VEDKVPRX038SD38RON32M0,1843.16,COURANT,527
528,01377554,2023-07-05,528,2E0OSK5KUJDDOAEQO6S9Y92L,5306.85,COURANT,528
529,05662690,2023-10-08,529,6D0M7M3TX8AWIPFOXZZD7N0M,5534.89,COURANT,529
530,57207006,2023-02-23,530,GFNFC6KLWU8HHI0GFHLT9XBI,1859.13,COURANT,530
531,20365275,2023-08-07,531,PCFWK35P4BS53WNBINMXV829,3991.65,COURANT,531
532,09758524,2023-04-02,532,2VT5Q1FG52XWF8Y8UI494QX1,8452.95,COURANT,532
533,20658572,2023-02-19,533,MUNI0FBRO591YYLI82WZTB06,4723.76,COURANT,533
534,50691786,2023-02-26,534,AU0BSTAXPI1LYMN91MQTXDTQ,3682.31,COURANT,534
535,40393226,2023-08-27,535,JAAAD8EGSQFCANHXAS4FVMVR,8043.3,COURANT,535
536,19268090,2023-02-15,536,IKRRH2A3PNY42K3LP0K555YV,3959.9,COURANT,536
537,62448977,2023-12-02,537,E3WVRJNE0FGSP5KG25D5Y9DA,3993.37,COURANT,537
538,97049178,2023-11-28,538,7KUSAZ7PQ6HW531ZZJQ0L483,4417.73,COURANT,538
539,80814547,2023-03-09,539,PKOPAXDKMWIZN0TJREQN6X4O,1351.62,COURANT,539
540,26690292,2023-12-18,540,7KKS67G7QQ04ZWRHFQMESYWD,8229.81,COURANT,540
541,28958919,2023-09-19,541,5UUXT260WC8EANVHJXNIUOZH,7997.96,COURANT,541
542,23083769,2023-05-28,542,ZJ8N21BTB744KDN67J5P1ZYV,8321.35,COURANT,542
543,55169008,2023-12-10,543,54R5JTTRFCEOY56LR2UUG8FE,9897.71,COURANT,543
544,60342085,2023-08-12,544,FWJ9Z5POEKHMSK8LQ78QR3DE,5783.8,COURANT,544
545,62060876,2023-09-05,545,VS9994HCZ03NXIUQPAC06QP9,1696.42,COURANT,545
546,22794544,2023-06-22,546,OJ1MVWGW7AQOWYGNVPMLZ208,9407.47,COURANT,546
547,51934511,2023-09-12,547,LYL5D7XXAEJONWVG4L8UAVN3,6754.79,COURANT,547
548,47353400,2023-01-09,548,WGH49S7A8586XD2SG4HMXT94,6411.79,COURANT,548
549,31964038,2023-02-09,549,1MXVYEGJ7POBSMWWU7TCTNM5,7823.86,COURANT,549
550,61663251,2023-04-12,550,W95TJNH09VH4EREYUF3OUVRF,3773.18,COURANT,550
551,37516517,2023-09-09,551,KZ7R40IPDMKPKD4C3XQA6Z04,8141.15,COURANT,551
552,56007397,2023-03-22,552,OZ24JXG5UQ321E2WDL3OS1BF,2634.58,COURANT,552
553,05071971,2023-04-16,553,3GEW54NFKGPFGP7VC8540GZW,3733.11,COURANT,553
554,85533853,2023-08-10,554,ZPV8FFF9NTP8HDGV26J32UJK,7133.04,COURANT,554
555,63079444,2023-07-28,555,0947J64QCRN5I74AFK53QBYT,2988.56,COURANT,555
556,21077714,2023-04-03,556,CG9B8R9ZP651VNWN5YQLD7SH,7163.78,COURANT,556
557,87005662,2023-06-01,557,C16UL4JRLZ4PI4S9X63PNCXV,7307.62,COURANT,557
558,08249070,2023-11-13,558,HQDU6ZMCJ1MANZ5H7WH2I2AV,3511.46,COURANT,558
559,66612517,2023-01-02,559,KH6W3O4I8AL42X94RADRJE4E,2497.86,COURANT,559
560,31264954,2023-10-19,560,JDV42HONOYZIH6I9B9NI9CNE,4461.04,COURANT,560
561,57547035,2023-05-10,561,7E2GIQ2KGOXKDICX79UJWPCA,1011.73,COURANT,561
562,43359705,2023-04-09,562,GEXX4NUL3ZT22KIQNLYHGKPJ,5502.12,COURANT,562
563,67102774,2023-06-13,563,PP78LMOS0C0N1GZZHIIHFSN6,1258.63,COURANT,563
564,37741610,2023-12-25,564,AIEM93W2CNPW5XJ78IYTHX40,7579.01,COURANT,564
565,02518498,2023-06-14,565,6IFQJY0KNU5NXXQAJ9NTF1R5,8032.56,COURANT,565
566,78394550,2023-02-18,566,8GCA5YN86WGWLY4PJPVF2HNJ,6597.67,COURANT,566
567,65164730,2023-08-04,567,4BAFKL8Y9WLNI5BOQQK47GEP,2361.26,COURANT,567
568,85015977,2023-10-06,568,E3I5P1DM84YGJ863MO7QEVOM,6746.0,COURANT,568
569,17571733,2023-05-26,569,OGAO4Y99S0D4YW2Q3PRKTEIM,5509.36,COURANT,569
570,17974224,2023-11-05,570,VF594T3QZFE68715ZYNG3GYV,7930.99,COURANT,570
571,15436229,2023-04-17,571,5FIHTDUVXW2PXL8X8DWGHTAD,8251.26,COURANT,571
572,10494248,2023-03-05,572,E5EYZS1Y9RFZN6UUM9NB3DLD,1806.17,COURANT,572
573,25195601,2023-10-12,573,Z6WCV74A3KS6UUN5VKP6NWES,7083.22,COURANT,573
574,03386223,2023-03-07,574,GO28IRVGEDSM7QNOCEPSSZVA,4926.93,COURANT,574
575,19227841,2023-01-16,575,EN8SKFTAMN5CBQDPAAAKNRZ0,2879.56,COURANT,575
576,60654870,2023-02-07,576,F10IJKL8Q3XQAAZTK7GKPN74,2569.08,COURANT,576
577,82548340,2023-10-24,577,ZEYCK3KJN3ZKJSF76Y4JZL6D,4199.32,COURANT,577
578,49982312,2023-09-14,578,O58YUFZI0PQ6MSRDPU3VWCY1,1026.81,COURANT,578
579,89077549,2023-10-27,579,N46A5XND4GY9YHOJV3Y9YYAW,8021.97,COURANT,579
580,61127240,2023-06-05,580,TGUOEX7116HGVGASTQ4LO88Y,4846.68,COURANT,580
581,31583254,2023-11-16,581,NAS5IRNFZNC74GKMM853MLZ5,3563.71,COURANT,581
582,80669999,2023-06-06,582,5H2KMALKJ5Y8XKG7F4KU4E3H,1837.52,COURANT,582
583,08481766,2023-09-20,583,3P6V68B9W4XIVY5TIXZ7UYHD,9415.68,COURANT,583
584,13967553,2023-10-08,584,QE5LUY47NWKURJXLRVQLEY6L,4478.55,COURANT,584
585,41564447,2023-09-01,585,IHR7F68BG16SKL7YY4FFZFUT,7355.76,COURANT,585
586,37810518,2023-07-19,586,YCAIUOO213MSYY8SOOQA5XCD,9816.6,COURANT,586
587,60791512,2023-12-11,587,3VCPNDIVUI3F2MXYJP7JK9IM,6144.06,COURANT,587
588,00251491,2023-04-23,588,AAZNIDLD31TCBOV0N91OTZEI,5833.86,COURANT,588
589,52936619,2023-11-18,589,BR09GDCJUHNVAIUB444JRV4L,9911.45,COURANT,589
590,07100480,2023-12-16,590,VQWF5UAWGCPQU619NLD3GGZ0,1022.65,COURANT,590
591,65072762,2023-03-01,591,OPMGODC1EK4Q8NHHQEHZ6VW3,7708.35,COURANT,591
592,75266329,2023-10-20,592,TROEHFDQKGHKUSIEGEA8RJGJ,4302.64,COURANT,592
593,27653001,2023-05-12,593,KT0C7YXJI1D34GYHLG0RJ54K,6278.0,COURANT,593
594,01504194,2023-02-18,594,TGHUYF4RVJNF283VUFJTYNT2,3622.48,COURANT,594
595,76847402,2023-07-17,595,E7P037VF6BTTMO5Z0CVS2MLV,3682.57,COURANT,595
596,20095199,2023-04-07,596,BYRVPLVB2BR28F4TDHGQCUWX,1061.58,COURANT,596
597,91010862,2023-05-12,597,U3O8NM5Q4H4JJVGNCM5UAO1I,2629.56,COURANT,597
598,11814546,2023-06-28,598,FM47CXB6WV1RF5SP3FC4G7J9,9635.1,COURANT,598
599,21586339,2023-08-15,599,EULFCRPLYWDUZVNG04CC924G,2116.35,COURANT,599
600,40663586,2023-08-23,600,1U6PHN95CA3WWSV29WVH103T,7762.59,COURANT,600
601,93806084,2023-06-20,601,9MQZGJYGCAYAF6LQWC75EFDP,3951.54,COURANT,601
602,37860389,2023-01-03,602,4L5GAJ36T2IS1LKR7ZK08MA6,8060.82,COURANT,602
603,15821847,2023-08-07,603,S5RF24IXQSMWQX8ZF1UELCD4,3138.81,COURANT,603
604,80629605,2023-12-25,604,NH3JZVYJYGKRM24KDTPGR9UM,5079.87,COURANT,604
605,66001157,2023-09-06,605,PRRWP6N8BJJ521UPI3RVYBO3,4614.87,COURANT,605
606,26266950,2023-05-01,606,DMDIQ6DTL0RPUV2H7TIF5SQO,5894.12,COURANT,606
607,25413616,2023-03-24,607,WF3GGS5VQIHR2769HEKIG4P2,5683.67,COURANT,607
608,10489200,2023-04-24,608,2NQZ5PJP4UXBIOR7I0IVMV9D,7469.5,COURANT,608
609,59822304,2023-11-03,609,WCPTMJHEFJNRJPMGYJNHRADZ,6027.33,COURANT,609
610,22501733,2023-03-16,610,GP9I2KXT0VPX1TC91H72M2R1,3168.93,COURANT,610
611,52111267,2023-06-26,611,M9WXGI50ZZV2C74YPTFC1KWB,2138.08,COURANT,611
612,83013598,2023-05-20,612,5CINZ5TYALPJS4FZPTITRUE3,4723.37,COURANT,612
613,97627343,2023-07-14,613,FBPH2AEVZ5RGWW9DK3CQPP14,3856.67,COURANT,613
614,22740106,2023-08-18,614,NKM0DR4KQB0QOOCHMM2HBUHW,8280.09,COURANT,614
615,95763413,2023-10-06,615,G3OVFXUK569KUEDLFIS46KPQ,1050.66,COURANT,615
616,59590546,2023-02-17,616,O8LMS6H5639XQHOXUCNAI4DX,3911.27,COURANT,616
617,59043260,2023-12-22,617,M7YFHA9SMY0C6CFOYZN8CV53,4972.75,COURANT,617
618,11021067,2023-01-23,618,UBF2C5JWSS05CC3I2TF3DWY0,7115.95,COURANT,618
619,58095917,2023-11-15,619,CH6ZF83ZSGX835QAEH7PVJDB,7173.67,COURANT,619
620,81274915,2023-04-02,620,OEUOCBVEAOAH4P7D13W3MOQF,9877.18,COURANT,620
621,08337469,2023-02-12,621,OBFFMBPKFR0OFY15PLSVNPXC,7071.99,COURANT,621
622,75964787,2023-05-15,622,ADH5RDQZILMPZUOJFXCK54JF,1945.04,COURANT,622
623,12375337,2023-02-03,623,XSG8PMZGB7GK49E7IGDOG942,6540.38,COURANT,623
624,18436383,2023-02-19,624,HVGDREK51UJLTWI75HZ939ZA,1268.05,COURANT,624
625,74907500,2023-09-05,625,KA4GKP70SZ6LRLK1J4VNG47N,6396.93,COURANT,625
626,84557025,2023-03-12,626,R921K2B6UPXZR4OIO0CLRJ2I,9056.5,COURANT,626
627,71591360,2023-05-14,627,TA61A2YFFZTXGV7PCIMV6A09,4681.72,COURANT,627
628,86037438,2023-01-23,628,XKCP3JRFDWD2AN28FG2TDA6K,4501.24,COURANT,628
629,33532322,2023-01-21,629,4F02169XSJRKZKFZ7H1PQL1S,9262.26,COURANT,629
630,84691190,2023-07-13,630,S3PRW36BSQGCSJZZKRFOZUE7,2114.3,COURANT,630
631,86703144,2023-02-05,631,MS0PZ337SP3Y2QUNFHM3TH78,8667.56,COURANT,631
632,87320035,2023-10-11,632,DJPKR5VSKF6STLFF0NVEEBTI,3162.75,COURANT,632
633,70817664,2023-12-17,633,TI7L6ZT272ANWRRIEFTULEAW,7965.03,COURANT,633
634,22624277,2023-01-03,634,OJDNLWKA8JNMXN5BHAUATC8R,1382.56,COURANT,634
635,92883763,2023-08-28,635,3EHBX2VZHBD9USCZ2RWXPHKN,5167.48,COURANT,635
636,39562871,2023-06-27,636,MGZ024I3KTVBIAGVGSYFGMQ4,3479.65,COURANT,636
637,27151780,2023-01-06,637,9GI3MFGGU6CYM2TAUI1NUJZU,4098.38,COURANT,637
638,33983677,2023-03-21,638,KQ46LOWMFM93YBSUZS50K5IM,7534.83,COURANT,638
639,66465303,2023-05-22,639,GG0XEQDMAFPC8O3CSEWPTQRX,7768.93,COURANT,639
640,59326669,2023-11-22,640,EK7MEJXK2YRGQTUM08YOG897,4510.51,COURANT,640
641,01069134,2023-10-08,641,6Z95BPR47ANKPLPQWG9O6HWQ,6642.83,COURANT,641
642,82302765,2023-02-15,642,PLWGJM939ZH4IFLR9YFHX17F,6039.15,COURANT,642
643,73710420,2023-11-01,643,16KTAAXLVY7OWN4G9RQ0U8VA,5044.2,COURANT,643
644,94790357,2023-12-24,644,0L8OKXZI5VF8FNW48AF78TAC,2092.31,COURANT,644
645,61229987,2023-01-21,645,ZP9HRB7WTMGM2KE1B8CGI8NA,3070.89,COURANT,645
646,91306944,2023-03-21,646,3LKDUWEZTGOD2LADBEHSR61I,6016.91,COURANT,646
647,37642995,2023-02-07,647,ZNHFL1LGZQHY8UW8VYLCNUFP,8234.72,COURANT,647
648,58904491,2023-03-20,648,LLBDH3KTWD90YL2PZKYY915C,4250.22,COURANT,648
649,73159270,2023-10-20,649,8PHPLLXGPSDS71SSLJVWTQOQ,9452.17,COURANT,649
650,55858177,2023-08-13,650,Y5QZUOJ59JACRM39Z44P98MN,7623.94,COURANT,650
651,90131021,2023-01-08,651,AE1RPKACDV5OH5VLMR1Q0RK1,1587.02,COURANT,651
652,36268550,2023-09-15,652,07SVUPH4U84WGTHY0LG4Y6TD,8445.95,COURANT,652
653,27889338,2023-07-09,653,NQ7WEGA26U393HQEB1JGNE8T,4679.51,COURANT,653
654,51272615,2023-12-13,654,QPLR9HLE80X4NS5WEPB92CT2,5358.21,COURANT,654
655,78164704,2023-04-04,655,HY4BI1LXO045A5LF09CW9XPN,7761.92,COURANT,655
656,57645826,2023-01-13,656,K5DIDQ6PAX2KBDGHD6WFCXDN,7537.15,COURANT,656
657,28468584,2023-09-09,657,4BRTGDGOBP5ZKOAOVUB0DCFM,4211.14,COURANT,657
658,72945210,2023-08-11,658,281X74HJAJ2HW9BMNUPLHDFX,3106.72,COURANT,658
659,97966777,2023-08-09,659,7JTGM0SF5141AC3M250AEXJF,6925.74,COURANT,659
660,34302417,2023-11-25,660,PV2N1PCMS7KMMRVY5PZ73P2K,3901.57,COURANT,660
661,36897436,2023-09-17,661,VET6YED59EZ7QA5HFNJ3H4AI,4948.97,COURANT,661
662,14772477,2023-04-20,662,UGT5G2C93YDWAGSELF35FA26,8856.81,COURANT,662
663,04857860,2023-07-27,663,M2KPI681336Q604719C9YXMW,8514.88,COURANT,663
664,14994592,2023-08-14,664,SAHV7HBWV6UX2CZVM0EO80ZL,8081.35,COURANT,664
665,78937749,2023-09-27,665,XF191ZLSDQGX8P0N71TAN0ZA,5353.89,COURANT,665
666,07723344,2023-05-26,666,OESXGVX32R6PTK5R5C130VVJ,2194.62,COURANT,666
667,54836684,2023-01-19,667,9ZZ9F5O405LRFEIK8ONNMHHE,8256.59,COURANT,667
668,05810294,2023-07-07,668,XIM4SPP5WVFZ6X0U0RV1LF41,1034.73,COURANT,668
669,04126797,2023-08-01,669,AR1XZB5W602WMMB5BPG9RKXB,8235.95,COURANT,669
670,55305184,2023-10-05,670,ZNOUQ9VFX6XH40AQ4422751K,3728.51,COURANT,670
671,10074845,2023-12-16,671,3V3Q5PFU51ZVYM6LXZDJ54AU,2909.57,COURANT,671
672,43377442,2023-07-18,672,OAFGFH34IOWM0102IG1R72G4,4104.37,COURANT,672
673,60128451,2023-10-16,673,L43WNMXSQ9WQ5KM6VBDNOVZS,7144.9,COURANT,673
674,80197999,2023-08-15,674,OK1LCF05OOR822HST2H3UBWW,7554.06,COURANT,674
675,49862682,2023-12-23,675,ULZELKDHFNF0ITB0J46OLHWZ,6238.87,COURANT,675
676,26278788,2023-01-06,676,R0V5ZM15EX6YVTT7FVY946QY,8102.75,COURANT,676
677,14397681,2023-10-21,677,Z1770ZEI1OS5LRK1D4TQOJAC,2834.45,COURANT,677
678,50431648,2023-01-24,678,25A2PN8JWR2SG7MGHII4VO93,9350.9,COURANT,678
679,99579875,2023-05-17,679,4EXQPV75VNL5LOOJ2OZ7DSAF,8617.07,COURANT,679
680,50031452,2023-01-05,680,CI3PEATNDXUHE7WHBWYN5Y8I,8979.81,COURANT,680
681,32953158,2023-10-18,681,ANLQVZQP42G6WGY518SWRBNW,8562.06,COURANT,681
682,85471248,2023-09-25,682,4SEPBMDQX2TYWI8S7U8BFSI7,1203.02,COURANT,682
683,05657902,2023-06-21,683,FBPP4XSQOL7AZQHYRR3DJJ3J,5721.49,COURANT,683
684,07737341,2023-05-21,684,5YCNGDS092YSR69S0HCSWVW6,2842.68,COURANT,684
685,82602471,2023-10-12,685,WO3031NG4OJGTPFS7XZ2NQW8,1602.86,COURANT,685
686,26208259,2023-01-04,686,SX9XHFP5MXOA4H5FPPEISOLP,2609.47,COURANT,686
687,79859782,2023-08-07,687,35ZX6MZ9WNTIZNVSXK2F7UQT,8055.0,COURANT,687
688,65144069,2023-12-19,688,5CT0YBD5JDOGOGKW79Z2VLRK,7942.79,COURANT,688
689,23839014,2023-04-03,689,77LID6GED9150TR6BPVZ85IB,2098.83,COURANT,689
690,41102061,2023-05-16,690,5QWURBD1AN6VL7UQN3L64DAD,8582.94,COURANT,690
691,67887887,2023-07-14,691,1VVUNHK4EK46KA6BOD6E1FIC,7211.76,COURANT,691
692,10691565,2023-04-01,692,HV8AEBOLTN71HT2OMB2CMXK4,8890.71,COURANT,692
693,74623278,2023-07-14,693,KJRYUF04SEG4O5807A7TA27H,1894.74,COURANT,693
694,82125022,2023-10-04,694,RZVX5KW6POF7C9XPMRSPO0W6,7542.23,COURANT,694
695,70297355,2023-09-24,695,EZ3XWQVZLTDVR387RWQQDC87,9054.18,COURANT,695
696,65860042,2023-07-03,696,F34ERWGBG12ZN4VMXK9J54P9,2416.34,COURANT,696
697,34373506,2023-02-28,697,524R15QE1RY9ENHI2SV4N9YA,5624.86,COURANT,697
698,37441449,2023-11-03,698,D6EKZ3N05VBLG9TQMLEOABCF,5597.09,COURANT,698
699,60295525,2023-06-24,699,HW9R3L7INFMTQALS6U81MYOC,5986.72,COURANT,699
700,74166645,2023-09-17,700,5ZMZQW0XE9MBGC2AWKSGI8JX,2170.24,COURANT,700
701,37650453,2023-08-12,701,4LBDRVB969KQNLXHPQNZG8LX,1504.84,COURANT,701
702,73524076,2023-08-19,702,9M5FQARLWC4V5ZY191F7NI5T,7742.2,COURANT,702
703,39425541,2023-02-27,703,K4ZRGNOJM9F22RYSJ03AT0DC,5270.64,COURANT,703
704,00944976,2023-03-12,704,OLA8W053RO7T7BOHAC0BMZLN,1075.73,COURANT,704
705,53733184,2023-10-08,705,BUKEZFQAKG8DGRUSEZ1ZIWJM,3646.26,COURANT,705
706,68007363,2023-03-03,706,QA5EVLRZRGP99BW2YTEJXD8S,5778.54,COURANT,706
707,34727428,2023-10-10,707,S6KS2O8ZTJZW6LH9FI7LPMZN,5124.16,COURANT,707
708,33804872,2023-09-05,708,0FGRFM155UKICA5O9QRMTV9W,8626.43,COURANT,708
709,26043030,2023-02-24,709,QMCKCJI5HZ6PKXD7H4TQVGE6,4731.48,COURANT,709
710,99780706,2023-06-07,710,SQI7TU6HKIIJZOCTB178VT33,9466.04,COURANT,710
711,65412249,2023-08-06,711,I4RS6IIM0H4SCIP72RQW47CZ,2272.82,COURANT,711
712,58329354,2023-10-15,712,D9ZQQFNOTANRTN4XWS3UWQZO,4183.98,COURANT,712
713,01271279,2023-06-14,713,G8XCRM4U74IM2QW8RXHKTXCB,6444.38,COURANT,713
714,06241453,2023-03-03,714,XB4TJSIYFGTJXUITREVST058,8029.15,COURANT,714
715,40383483,2023-12-07,715,DJUYUK3UL12CIQ160PKK7C74,2360.28,COURANT,715
716,15294472,2023-02-06,716,08DPZXW9VBXFNRKE5BSGYB10,5810.17,COURANT,716
717,76458152,2023-05-06,717,47H7RE0YU5QWTCUOX6GNMK9J,4142.43,COURANT,717
718,72345466,2023-05-21,718,CK8E6DL7QYAC7VH1FNMBMJSU,1474.64,COURANT,718
719,95116097,2023-01-28,719,149MIEG383CXN3V694MQ87LQ,2161.17,COURANT,719
720,46887305,2023-09-05,720,QGHJQEFJ6EVOLG64KEEO6ZJV,6389.02,COURANT,720
721,42643442,2023-09-19,721,ZM9GWLTXMDZ4C31L0VRBE5C9,7837.21,COURANT,721
722,83383002,2023-11-26,722,F8S5P5KS388M8D1DJWD9G61P,1374.21,COURANT,722
723,34227055,2023-02-20,723,0ODW1VVXKNVIP52U6TZ7PB2T,9339.88,COURANT,723
724,24335832,2023-06-02,724,Y1VJR5B2B0U87Z9TCWIOPEK2,1404.47,COURANT,724
725,49778161,2023-02-10,725,E7AR6ZKAZPIG9E67O22B792M,6887.33,COURANT,725
726,38062844,2023-02-26,726,RCY4IPW0VQJC7BLF9P2J07DT,9904.36,COURANT,726
727,36536621,2023-07-04,727,S25U2CAHUJ9K8TN3F1SWMSSA,8759.56,COURANT,727
728,92643205,2023-03-11,728,WAB5R4SY9U7L2ME3ZBFYLLU5,7619.29,COURANT,728
729,35826158,2023-10-16,729,PIB82TQ4QB6UP49XV0YVG5S9,4224.14,COURANT,729
730,89615436,2023-01-07,730,LW4M04P0ST5BY1QSFERR7CLG,1351.01,COURANT,730
731,15826026,2023-08-19,731,JW3Y5ZLLP5MF3R5QRYONK44N,5884.25,COURANT,731
732,24884725,2023-03-01,732,TNJPVJTEOVWGNE9FN5EENHK1,8538.59,COURANT,732
733,90446844,2023-01-04,733,F08SKSZ8LMA25KS9FJT24V19,9433.81,COURANT,733
734,37766807,2023-09-28,734,J142HOJO0IIWHYN505R1EX63,6689.98,COURANT,734
735,02563580,2023-03-04,735,MHNC3451LWFV827IASVXL4HQ,3773.6,COURANT,735
736,50687679,2023-07-08,736,LUWR4OK280N2J7RANQCS17QZ,6414.51,COURANT,736
737,11204534,2023-12-16,737,YQZTPG8I5CCNPG2RFWFA6QWC,7273.36,COURANT,737
738,35537691,2023-09-01,738,JSZB1RSBD0KRK3G4PI3D7P44,9662.93,COURANT,738
739,43847640,2023-03-08,739,J4HBZIQ36QUAFZMCPC076QVI,9434.56,COURANT,739
740,59714216,2023-06-24,740,HBI2BL5OADBXBGK39SEZES9F,4938.71,COURANT,740
741,46001496,2023-01-07,741,U7GOIEN1NGJMSL32ZJIVPX4U,2236.24,COURANT,741
742,13591997,2023-03-04,742,M2K48LB2NLO1RCDVVPDICATO,2099.91,COURANT,742
743,99439302,2023-01-13,743,I1ACHD38QSTD4MPHXQGDT0BH,9292.67,COURANT,743
744,97246235,2023-03-05,744,IUA64ZRNIJGHM1CCTYX4SK65,6870.86,COURANT,744
745,63957568,2023-09-02,745,EYZBCE9RT9Q694E55BD8Q803,5802.53,COURANT,745
746,81320778,2023-11-21,746,48Q4DH5AVRV0U0MDDU8ZL41M,2309.56,COURANT,746
747,59836102,2023-08-05,747,7VYM5EK1XWA7YEGZ5W1RZA0A,1415.64,COURANT,747
748,01395698,2023-08-28,748,UXM3KMQNEJXG7RS7IKEJ0KY7,5934.13,COURANT,748
749,65491138,2023-07-27,749,ZO82F3GMODGOQA60MVNMC6JE,7819.02,COURANT,749
750,87911369,2023-03-16,750,8H11XKKJXRP444DY2JM8AG9X,5239.13,COURANT,750
751,54260119,2023-09-09,751,S9NYCRGR1RAPZOXIEQPXNV1X,3664.1,COURANT,751
752,56018223,2023-05-27,752,G3NYCX37IXORN8JZBK55VJ88,9585.8,COURANT,752
753,48404091,2023-06-13,753,EZEVMRY17TR0OKEK76K11NGF,6909.2,COURANT,753
754,13136881,2023-03-17,754,3ZEZ62F3GREKMKJ973Q8AYLA,5474.14,COURANT,754
755,94765510,2023-04-09,755,OL94LQNT4E6RG8CLV7G7DZMY,5629.39,COURANT,755
756,04809001,2023-09-22,756,P2EJIMBM6FO321EGCBFV94X1,2058.71,COURANT,756
757,84261609,2023-06-05,757,WQQPNKHGWKDSCFKIW3NK34I4,1657.34,COURANT,757
758,29336879,2023-12-02,758,LBXQD90WTU0ZXEBANBLVDBA2,8145.76,COURANT,758
759,31992261,2023-05-02,759,DJ824W6U03O9K0WC9N6TKPX6,1723.83,COURANT,759
760,48413779,2023-09-20,760,EUX8Y0TFXSJXTVCKFZ9XEUFA,4745.73,COURANT,760
761,49510507,2023-08-25,761,Y6ZJW83F955FCPJ7OSSFN2LB,7437.6,COURANT,761
762,57619521,2023-11-03,762,S1NUCR5Y5YLMJOI6UH3EJ3MC,8934.51,COURANT,762
763,07633160,2023-05-04,763,FCN85189WZI95GWF8BRK0OO6,9843.18,COURANT,763
764,36463768,2023-12-10,764,D4XCF05GJYQ1SH7E569NG5YI,1579.23,COURANT,764
765,49610737,2023-10-06,765,J463PD2Y4CYXUZU90E9H3JNQ,3523.62,COURANT,765
766,94421638,2023-05-17,766,SEX0OEJQC2471PQJCGM4JGQJ,2738.05,COURANT,766
767,77509532,2023-06-14,767,NZ5FQDQLWFMSPZO44SX0B5QE,3354.75,COURANT,767
768,43839592,2023-02-16,768,YXKPO9VHIBEYLCQFA5JYAXKI,4288.52,COURANT,768
769,12484444,2023-10-15,769,5O6BJLL1LKWGULUEF7NXQJKX,3857.92,COURANT,769
770,68670315,2023-10-17,770,CQO9WEPH1RJQET8ZEY59133E,4880.25,COURANT,770
771,32913619,2023-07-09,771,O4BLI0L4PM5ZW9R6VPF1IBEF,7168.97,COURANT,771
772,28264495,2023-05-04,772,C1Y18R4ORZY9LNMV4HLSQMGM,1791.71,COURANT,772
773,26540754,2023-08-03,773,JLL5DYSEU3EAOWV9KJ6XDPNV,4871.64,COURANT,773
774,34406984,2023-10-06,774,DMVKNOEUJEZAD6APH60QMGXD,8074.55,COURANT,774
775,28371161,2023-11-09,775,ST32HQ9MF7X0QNREMCBLSVF1,8637.48,COURANT,775
776,61504069,2023-11-24,776,LPVLQ63U82DHGM8MG4ETFG9Z,6642.95,COURANT,776
777,48398372,2023-04-11,777,4YCPY7SK6LOWJDOZ1HCZDWJX,1748.5,COURANT,777
778,84136633,2023-01-10,778,4FXFVNMXPZO2T3CXK64PFOS6,9205.33,COURANT,778
779,89864742,2023-03-24,779,4J33LOBT2XG3MHM3X75TMECN,8126.7,COURANT,779
780,64021483,2023-08-22,780,5GYGG6LVR4FKOBGRJY2AR28I,9566.32,COURANT,780
781,49302398,2023-07-07,781,JPFO7H9KXQJLCCZ11RNB2BW2,6771.38,COURANT,781
782,58856555,2023-06-06,782,E6J8I0SI26ZDUJ5KJWAJH21K,2033.59,COURANT,782
783,46023788,2023-07-26,783,ZX2JOBINU9GKWUUQDHCPKBWX,2294.8,COURANT,783
784,05708794,2023-06-15,784,XGETQJQSQ6T8T3CK96MYDWPL,7422.14,COURANT,784
785,94402160,2023-10-12,785,7492MR7CCU38HWH22853KPI9,5739.91,COURANT,785
786,84790569,2023-05-18,786,JIN5TYDF79THTFSLNM75QN2G,7183.77,COURANT,786
787,23707364,2023-12-22,787,SNZKYZSLC71N60KNIOP4GGC9,2706.93,COURANT,787
788,94314501,2023-03-17,788,JA917EM5UF008XQW9O68M42C,8697.63,COURANT,788
789,90792595,2023-02-12,789,VDACDCDNCMCJ0F8HP177G1C4,2275.5,COURANT,789
790,59549988,2023-01-21,790,OZ8ADL9S2KRWW61U7O44O6UB,3194.9,COURANT,790
791,74371121,2023-05-20,791,BML7T1WHK8P8P39PQJNLF8YR,3877.77,COURANT,791
792,90263036,2023-10-02,792,DO278EZBPBTDTGQRJL2FYDAF,3384.87,COURANT,792
793,82273420,2023-04-18,793,QMQRBP0UODHNUEF8Y66XEFST,1363.39,COURANT,793
794,48962384,2023-11-14,794,WD76SX5GBDWOTRP82ND8B41Q,5960.97,COURANT,794
795,23730517,2023-04-04,795,N19VQBT71UA0N3ZQEOZVA3PG,4875.09,COURANT,795
796,88867102,2023-05-21,796,9GRYH89MFUY6T25EIB5IE7JC,3395.85,COURANT,796
797,63190327,2023-12-28,797,HFQGI81P40FNNALLF6HYG83L,7809.77,COURANT,797
798,79603116,2023-01-07,798,1M3H6GZWQ5NEJKYBZOVG4X80,1235.5,COURANT,798
799,87908442,2023-03-14,799,ZTS0ZJGRSST35HX70TWNHMGT,5253.18,COURANT,799
800,71065336,2023-12-15,800,FHTPKHFZJ1HHJISD3TAV65B3,2738.58,COURANT,800
801,70126299,2023-08-08,801,75V6JVG8A9H261LPJMGK9EL6,1253.18,COURANT,801
802,09028795,2023-11-09,802,FNJKZVU3YSXJRH5U0POY2WC8,5677.6,COURANT,802
803,44386372,2023-10-22,803,6DL7HST2E0134NH8LW71RL90,6559.92,COURANT,803
804,62706575,2023-10-24,804,YX2HB1D2UJUK8Q50M6FH1QU2,2528.29,COURANT,804
805,28371145,2023-11-28,805,R98HGWF2MGTDGHLYHF3FRX6G,5106.06,COURANT,805
806,99531681,2023-05-20,806,1PT8P0SR9EBYQSHMRHHZJHZE,8821.8,COURANT,806
807,94310690,2023-04-14,807,17B64FHMQGIIDT6VJNM2U094,6220.84,COURANT,807
808,83279897,2023-12-10,808,SSEA3BHXA2R791X1K9FN7L4Y,6808.34,COURANT,808
809,80330309,2023-05-08,809,UYN59LLBVG4QLFPY24BVO8KL,7448.72,COURANT,809
810,53646132,2023-05-27,810,PGXCE9I8M7FKMPPXA4SAWZNX,2539.25,COURANT,810
811,33599966,2023-06-19,811,VHCWU4BOYIR0Z4ARIAT961YH,6453.1,COURANT,811
812,72733660,2023-03-03,812,S19VCOBL60QH89ACTYQ27WVV,7699.06,COURANT,812
813,94302481,2023-07-28,813,XJMX0YI69DMK0D7JPKMA2PYU,8002.0,COURANT,813
814,51858349,2023-11-04,814,83HEE12UX77VTLN1BG1V6QK9,5319.05,COURANT,814
815,51875090,2023-01-20,815,7UX5V0ZXSQUS10LVJXGHII26,4147.54,COURANT,815
816,24152462,2023-12-15,816,8AN9QG6A5T00D9ILJSOXOFGZ,1226.79,COURANT,816
817,30926974,2023-07-28,817,TN3132A0833JP6N1S78VIG0H,8860.38,COURANT,817
818,71914315,2023-04-13,818,HCXDU4JVKIFUQFVJX8ZOTY2Q,9164.22,COURANT,818
819,44615747,2023-03-20,819,1S2LPJI4F3EQXUUOTBOBUEUJ,8614.32,COURANT,819
820,81085544,2023-09-15,820,AC7QF72SWHPCWS8ZTLKJ2V58,7618.61,COURANT,820
821,95458135,2023-09-25,821,6CGDQYXNXQUU6QLZWDDGWR1K,9581.05,COURANT,821
822,69675576,2023-11-03,822,XIC57IWXCYQL3I7ZYVPUSMN5,2768.99,COURANT,822
823,91141851,2023-03-27,823,HXHF3UPDDRFF17FDQ4W9RG0T,6032.98,COURANT,823
824,41781999,2023-05-18,824,L2VOBISE6YESBEVR07QFJU71,6257.48,COURANT,824
825,67689447,2023-01-22,825,X1B42J05CQN9PK1A0SBZPAGN,6098.74,COURANT,825
826,38386648,2023-04-05,826,Z6MYOU2NHPUX7YX91BOBF6Q5,4821.69,COURANT,826
827,52754124,2023-07-21,827,9HMTY0AM5XYKUR5VYAEDNV2M,1014.09,COURANT,827
828,19376863,2023-04-11,828,8XXDR4JPSX0P1XS24XRD4Q6M,7137.74,COURANT,828
829,47906024,2023-10-24,829,0OISHJTJWUHXTI1DO3K1026C,2687.94,COURANT,829
830,30445079,2023-09-16,830,6IXKFI37V9XDPYZ9B9VC7Z89,3120.07,COURANT,830
831,06558245,2023-06-05,831,2YCIIYN742TS1UYBL5MT7PEW,3866.95,COURANT,831
832,75618281,2023-07-21,832,WJMHRMC76W6U1CS3LNTXD0P8,8971.3,COURANT,832
833,03699484,2023-06-19,833,CZLJFBUXTNRK6KF7KHSA8TT7,4531.55,COURANT,833
834,51347794,2023-12-24,834,PO9M13APUT1WDBYA1XKUFHV1,3338.28,COURANT,834
835,75967134,2023-05-05,835,O7TD27XM63JT1U217U9E6AZR,2027.4,COURANT,835
836,16982005,2023-01-07,836,9HYYKK9P924OA4A0ZRF2XT4O,9021.0,COURANT,836
837,70539419,2023-06-05,837,7SM60MVMY9PI4R06GA1818FB,6272.04,COURANT,837
838,46906513,2023-03-09,838,OSVOA5OGRVDBLWOK20PIEVO2,3311.71,COURANT,838
839,02344613,2023-09-06,839,O79KO31UFMP7JOVYR7MGWEL2,4072.44,COURANT,839
840,99079033,2023-01-03,840,OAKC7YK0NDRW1SRJITBTYG6X,6057.41,COURANT,840
841,23400736,2023-12-18,841,6D7PK93CNBOULNRBY13DHI22,5841.4,COURANT,841
842,90232172,2023-06-25,842,SFY6HZS0B9WTNN0JVPFDZS3G,3168.16,COURANT,842
843,13578065,2023-09-25,843,QKQTF2OI4UJ0Q8WQXG1GROXZ,7067.92,COURANT,843
844,45464305,2023-08-18,844,436B34PFS7F5M6VB2VZPYY0N,3909.93,COURANT,844
845,15641305,2023-07-05,845,JZ6JWEYNXNUS5FDUI8NK48LO,4636.46,COURANT,845
846,33975248,2023-12-18,846,LDNIISL46RWF493N4WDZ0MLS,9568.48,COURANT,846
847,29230558,2023-04-27,847,4FO1DG4A2N7Z8ADETH4KGEHJ,8783.93,COURANT,847
848,12788261,2023-07-15,848,Q2DXOAM441YI9OSA7ASJNFG2,9820.25,COURANT,848
849,38624877,2023-10-22,849,M68CSI57EFS1A5B57U4K028B,6320.89,COURANT,849
850,95526158,2023-03-21,850,JQXX29FGISMR6B731J9GC9SY,2457.41,COURANT,850
851,37191929,2023-07-03,851,FDI37XM71AIDTVJB4GEB0RU6,2529.93,COURANT,851
852,09872916,2023-04-15,852,SF460PWNPRX8P28D6UNRLFX6,6625.86,COURANT,852
853,84583345,2023-04-25,853,5BPFDQ5ZD5QXUXD7ZDD88CNN,7125.66,COURANT,853
854,21971937,2023-08-17,854,Q9GNJRYV8N3L1UZAP5NLR6F3,3888.69,COURANT,854
855,01978454,2023-02-08,855,5PG0C800UWKHGE5Z7SM48ASL,8181.52,COURANT,855
856,52013036,2023-05-21,856,9KD0HYO8O4LNHLIAFGFWONHH,8830.24,COURANT,856
857,06095099,2023-03-13,857,8HZJ4FFV7V7BB4DYRBXNQM7Z,6671.1,COURANT,857
858,40763477,2023-11-10,858,7DPBPTYXBHHM2VUZ7H578G8B,5922.87,COURANT,858
859,31798607,2023-05-03,859,BU2PXQBLZU3XLCZ04HEFIOI6,2832.84,COURANT,859
860,65526110,2023-02-06,860,8EP9D1MFIKKLNZCVMFC734KT,4631.18,COURANT,860
861,95683638,2023-03-10,861,MNOKEAMTOMRBV1X6HWN07BD5,1321.84,COURANT,861
862,95910946,2023-05-06,862,GBMIRRYGGVOTAQTGK9LFYIIG,7462.59,COURANT,862
863,92834286,2023-04-11,863,SKY8STWD1YBEEFEKT92ZIXQL,1717.96,COURANT,863
864,03227375,2023-08-14,864,1RN4I8UPSH2HX99CKYSLU889,1061.24,COURANT,864
865,54229336,2023-12-25,865,UNI2EGJC1DJI0PWTRUOWR7TR,2900.72,COURANT,865
866,33622367,2023-03-15,866,8B16E7PXVTUEPV3IQZ41RKB8,7123.14,COURANT,866
867,05870516,2023-02-06,867,C1BZZ3N2NPF5SHQM25KQRUQX,5057.62,COURANT,867
868,32386022,2023-02-25,868,0MT7L6QYU4PGF0BZIYDK7C1W,2077.92,COURANT,868
869,63947389,2023-12-13,869,2ZD30KVRP4KV1URQ5B3SN7PO,5533.04,COURANT,869
870,42702510,2023-10-08,870,XFFJ1SN8S4K9KX4FGRFY0FWQ,7792.68,COURANT,870
871,05767865,2023-12-04,871,YF256U9NBL0ZCY2ZLW41TLPY,2291.61,COURANT,871
872,38702352,2023-01-24,872,RGIZ6T8MWWD6CYQJ4U2V247V,5454.71,COURANT,872
873,30166051,2023-10-04,873,P2JHH76K2RZVENSC8VM2FTCW,4928.49,COURANT,873
874,07593323,2023-02-18,874,BZ0ULAXTIPLTI5UTFM1F5TJU,7276.77,COURANT,874
875,77906335,2023-04-06,875,A521UPF5ADJOPAJS54Q6P4BJ,7837.32,COURANT,875
876,67761199,2023-03-09,876,8PNRTZRHHNXUZYZWJSN04NZL,6028.93,COURANT,876
877,11808144,2023-09-05,877,32D4H1LMGKMGKWYQ4PBRX1J0,3819.84,COURANT,877
878,50278721,2023-04-13,878,9R26OBHCYV558GEKSI3ZOEUY,2528.27,COURANT,878
879,75218804,2023-07-22,879,PDPO6F05TUUF6UDY18T3VJNP,4871.02,COURANT,879
880,69581277,2023-08-10,880,SHT75UNY0R8HXRLK1BQ54X1G,5887.6,COURANT,880
881,31102342,2023-10-27,881,K8B21SYCV4EBAD4NZW6TQOW0,5653.12,COURANT,881
882,63044156,2023-12-07,882,SD5MOS8JWF8Y4JQUKB6VQUI0,2937.26,COURANT,882
883,59130498,2023-11-15,883,6438GJ90X4FW1JM069YPQSED,3078.41,COURANT,883
884,11363391,2023-05-24,884,LMWRSHSKX1P16EX6FK7ISMJH,5523.17,COURANT,884
885,00586535,2023-01-25,885,6ALYLOWJ4LYGM86JS73PPE2N,8141.95,COURANT,885
886,87779478,2023-06-20,886,I0E74TCXD77F6P2WWBXJL3FZ,7157.05,COURANT,886
887,29987061,2023-03-16,887,LS4QELH4B5N1W7TT870GAWSY,4929.98,COURANT,887
888,69948836,2023-06-16,888,G5B2SHDBH4EDAKMBT3LK8IX9,3373.72,COURANT,888
889,31560959,2023-02-15,889,LWILE9UQ4G8T555MVHQUFNXO,5963.73,COURANT,889
890,13666995,2023-07-10,890,C6NGMW4AB932AV9VDCHJGHF9,4268.15,COURANT,890
891,35184635,2023-08-26,891,443BGL3T7UA4H17OTHBBSYKA,8453.44,COURANT,891
892,77835989,2023-09-06,892,LXM3B48CEFXXWR0OPD1Z5FMW,9915.69,COURANT,892
893,44130682,2023-09-25,893,0J8LBNHO2DVC5MZ3VKIHKM10,6970.98,COURANT,893
894,63845787,2023-10-08,894,84Z4BUOWHX2TTXF7HQ28914O,2339.18,COURANT,894
895,21550738,2023-09-27,895,WCE7IBJN5TPT6C3W6VKM5XJ5,9061.82,COURANT,895
896,36422153,2023-08-25,896,DRG6RTOYO37S4YUNS8BMUEA4,7045.78,COURANT,896
897,78668143,2023-11-24,897,MUHERZ9GZYPCT3RJJN1D7BE9,2268.71,COURANT,897
898,12730632,2023-08-23,898,SHFJNXMARUXFZIF96VCVD3SO,9016.65,COURANT,898
899,92328330,2023-05-18,899,717EVVDCT583PHPDQHCVIVH4,9501.7,COURANT,899
900,64346876,2023-01-25,900,6S2I833YCMUC73ZHWN8HFDJO,3160.57,COURANT,900
901,90142823,2023-08-02,901,QRZ999TROEVCZUVN49MD7B3E,6462.12,COURANT,901
902,67643681,2023-05-08,902,XI4KUN9N8NLZWJCBAUPVS46T,4788.67,COURANT,902
903,23434846,2023-07-23,903,WYH7DTX1LLY4ONDK2OE1HW1U,8892.09,COURANT,903
904,04143154,2023-03-26,904,B1NZUMLBRJS37Q6FF7K8F7I8,5862.0,COURANT,904
905,28425481,2023-09-01,905,64H8UP52Z1J2XB3E1LE6LREP,3317.94,COURANT,905
906,53735609,2023-06-03,906,KG53BM4VT5ZHJK2ORUE55GQZ,2124.27,COURANT,906
907,86003076,2023-03-19,907,IQY0I4OV8TF9T0ZU9B4MUQS2,5620.0,COURANT,907
908,60949046,2023-08-23,908,MBJ972I0MPGWS3LLQMEFESFC,3420.87,COURANT,908
909,04960664,2023-10-28,909,G8C788GHY29YXQMFULPYOMCU,6083.57,COURANT,909
910,42124563,2023-11-17,910,3G1B4OPM1T6W6D31NDQCCYRS,9732.27,COURANT,910
911,60678063,2023-04-20,911,30LUB8P1UO7FIYBRAGCP911W,8383.97,COURANT,911
912,78710772,2023-01-13,912,KO3CQNFVK1M4GRY4A0CL7WMR,4758.54,COURANT,912
913,65869087,2023-04-06,913,YT4VJF5AOZPUAGSN4LC23YA7,7697.72,COURANT,913
914,52780830,2023-11-24,914,UBNPHNHFY5KK4C9O84K5Z7S7,3493.55,COURANT,914
915,93941760,2023-10-15,915,HOO0ML8ULT7A28LZKEDUDUNR,3621.54,COURANT,915
916,48689470,2023-01-20,916,BF5Z9Q2NY2X1VRXIRL6GWV4S,4490.88,COURANT,916
917,91259088,2023-11-13,917,C71NQP3T34HOXUGX4HMGVO1W,2483.66,COURANT,917
918,42188261,2023-05-25,918,1JDK7TLH4EX1FEKX8OQ88H41,2143.26,COURANT,918
919,93296026,2023-11-15,919,CYOQJFWZ15CD0NCLJXGFA048,5963.91,COURANT,919
920,49038655,2023-05-05,920,FTX1NUGRHQR2EQPNQV4QLBQG,9297.98,COURANT,920
921,92709020,2023-02-04,921,5FNLS8TC65PYPF1OFMR1E9CN,7647.91,COURANT,921
922,97956678,2023-03-16,922,R611PUB6GNUFTKSHOL67SFN7,3463.04,COURANT,922
923,95756961,2023-01-16,923,LJ2JNLL58465X2XLWMH16KOV,5134.91,COURANT,923
924,29454567,2023-02-05,924,9W8OXHGL4QUKI0OXAA38RW93,6279.49,COURANT,924
925,21806926,2023-11-20,925,RCI79NIWU3V19CCZ6VHJN48M,7665.6,COURANT,925
926,21286452,2023-08-26,926,DDBRDGE9PC786DFKS7LROSCC,2478.58,COURANT,926
927,79268373,2023-01-11,927,WUIDV4FPRVG6GG16B3VXPU53,1881.62,COURANT,927
928,18101256,2023-10-23,928,PAWRPWG31CMDT5JWAJQZG0AQ,5662.55,COURANT,928
929,16505786,2023-08-09,929,89NMMEOPM96MG2AXTOA1BUVC,8436.87,COURANT,929
930,85501717,2023-03-16,930,7PL1O6C9QLFK4PW1PYZ09UPV,9657.35,COURANT,930
931,06203582,2023-05-09,931,1YC6H1G876ASC3TY5QNCS3WP,2906.38,COURANT,931
932,10619481,2023-11-07,932,8S61WAPSF6E7WXMSINRD9MLS,1345.25,COURANT,932
933,19863548,2023-06-20,933,MJNDA24GOOVJL3NF9OL1SZCP,1740.37,COURANT,933
934,02936591,2023-03-16,934,UFVZW4HCZ5G69X4IS0DR0N4U,6447.48,COURANT,934
935,99591474,2023-12-09,935,ZIMYZTE2K6QN99WMS7KTU8P9,4219.03,COURANT,935
936,98769889,2023-07-11,936,NEX29V7AQLD36E3W6YHLARCD,1297.29,COURANT,936
937,44306263,2023-07-26,937,1IT746XI0FFIC9P7D8RMEVTI,7503.91,COURANT,937
938,76786977,2023-12-17,938,5SQOV5NIXYH2HGI2UUFQS556,7731.64,COURANT,938
939,16958412,2023-06-25,939,DK9XKZI0RGWPH8G32RSDIXBC,6434.14,COURANT,939
940,72088080,2023-10-28,940,6K3KRAIESAB9M9LV2JOSCWP8,8300.6,COURANT,940
941,11078215,2023-07-02,941,3HHX1DRKO52W413R2H3GUAVQ,2795.14,COURANT,941
942,41067747,2023-09-07,942,AUQ6NBRELR4IPU8NNHIIYW06,1774.18,COURANT,942
943,12945164,2023-05-15,943,39W46HL33YOOJKM19VL06J3D,9007.08,COURANT,943
944,62019468,2023-05-20,944,XKDAA2LJFHNK1S5AAIZ89K2K,6392.87,COURANT,944
945,95077111,2023-07-11,945,XKVDWJXGVJVU3NP3UP5SCWBG,1468.6,COURANT,945
946,00746804,2023-06-10,946,KQIVMJT9LIVU9HSR3LBK4BBU,6660.99,COURANT,946
947,69420474,2023-09-13,947,GOB7SJG6HIYE6U026H0LDEAJ,7529.39,COURANT,947
948,28742831,2023-02-19,948,38CBNVHJW51B2X1D9EJ0WO9Y,9956.38,COURANT,948
949,90157647,2023-10-18,949,EIWMECT9DHQ2BMG3Z9MJRPV5,9385.03,COURANT,949
950,89515799,2023-01-17,950,QSQEHV9J67JCHZO4TJZ2VTYO,7057.0,COURANT,950
951,93464535,2023-01-18,951,6D3F8PU8I0MOB0V8R5KUR8AO,2326.66,COURANT,951
952,22452766,2023-05-13,952,QZGIMR4LM49BMYGPUVYQNH0H,9563.88,COURANT,952
953,85755775,2023-08-21,953,45AZULXS5BBR7USLU6KSL79V,3796.9,COURANT,953
954,78413658,2023-04-05,954,1R0KHDUFLOT6975LXAUM8I92,9487.62,COURANT,954
955,87368731,2023-02-08,955,5YCOOGIYG41RHIIDLFLUQ4BP,1581.35,COURANT,955
956,34247306,2023-11-03,956,RZG6T2XYRRVXZW7524O8FSEG,5927.71,COURANT,956
957,76132128,2023-08-02,957,XV86ET9KEPJO342CWG0MC1HZ,5043.94,COURANT,957
958,24971808,2023-07-01,958,O7U978F4WL9A1XC5UE19H502,9085.77,COURANT,958
959,19826874,2023-02-28,959,4Q4JG9ZUKJJAVO887RL31LPZ,5193.3,COURANT,959
960,88959896,2023-06-18,960,A6ZTVI6YECKK74G8TIOL2PS7,4082.79,COURANT,960
961,02356340,2023-09-28,961,VALGHWYZUD8GRATJ058ZPZI9,1358.24,COURANT,961
962,44194661,2023-06-26,962,ZDV18TVMDX4HOFL2PDVI6QHV,5780.12,COURANT,962
963,32561458,2023-10-07,963,2II4E6BL9B8X1E0C40Y20WAL,5270.08,COURANT,963
964,20450121,2023-03-20,964,2DS3L6EWAOY4BSNFYNJNLDQP,1960.83,COURANT,964
965,09306828,2023-06-19,965,9KI70B2YTJLSIJPO0Z5NV9IB,5228.43,COURANT,965
966,62255270,2023-03-15,966,9O7WRJDD2YPX28CQNAAJ5SPS,9583.1,COURANT,966
967,16840645,2023-05-17,967,KTEZ4SXLTYSJWOHPOT0KO2JO,3700.2,COURANT,967
968,48574602,2023-05-05,968,AHWQFVDNAQK8OVU76E0CKDTI,6658.59,COURANT,968
969,02603088,2023-06-07,969,NRZLDR9G8IEYVJB17234T3O0,2662.78,COURANT,969
970,15764647,2023-09-28,970,O6HIWW1JVBI8PUZ5HCNQR6U1,6272.67,COURANT,970
971,23541134,2023-12-28,971,84O9BPPPJ7DMEFVFOI8BCMY0,9440.86,COURANT,971
972,14886032,2023-07-08,972,1AZN0IRYXXK66C2I0OFFLQ3R,7794.76,COURANT,972
973,26428736,2023-08-19,973,F9TFYHAAXBJVW8072U58W40R,3137.95,COURANT,973
974,49583726,2023-02-07,974,CA7NXS8RFVM65K59ZL8IXUVS,1905.53,COURANT,974
975,39330424,2023-06-27,975,0ZMV64KE3D0MH1XYXWFG0KUL,9017.11,COURANT,975
976,98225652,2023-03-17,976,C5V7N5RY0A11OFPFVEWVVU7N,9439.39,COURANT,976
977,16515157,2023-01-12,977,MIC5BTBTI7E9QP8DCFNKPRSL,1795.1,COURANT,977
978,81636502,2023-05-11,978,CAD3TSSLPBUA5HR9KT53ET8L,9321.55,COURANT,978
979,75861598,2023-12-15,979,59320VD73WWC9K61TSI1JP37,8520.99,COURANT,979
980,30913783,2023-09-25,980,GYPSTLFPNJIC7JDPPFSS86N7,9758.21,COURANT,980
981,41310676,2023-11-03,981,GVZDCCZL12HY9W6WMBBOLKTJ,4598.41,COURANT,981
982,64543448,2023-04-27,982,WZSK76I9422BO2A4LXFH6DZ5,4826.32,COURANT,982
983,16371754,2023-09-14,983,S18RRGD4BHD9D0BE288YORY8,3125.1,COURANT,983
984,37742988,2023-07-03,984,CJT0C04QJJ6U5LPQB4HYDL92,6580.3,COURANT,984
985,64980547,2023-05-07,985,MTQJCCUWEJGRB9BRL2QGDUUV,3695.39,COURANT,985
986,18077850,2023-09-09,986,A4LTT4W2DV513WNWNFE347MG,4249.52,COURANT,986
987,65781429,2023-01-12,987,Y0L5LNDZOQPZ0EK78AF405CB,4244.11,COURANT,987
988,82052722,2023-03-02,988,TB4SGO8IS6F3ZT98P1REXURU,9576.84,COURANT,988
989,62660732,2023-06-18,989,4L9R9K97H5DC2O8FFBHPH0I4,1142.38,COURANT,989
990,90836965,2023-09-08,990,LR8OIO0TEPK0LARJFM19YEY2,3491.95,COURANT,990
991,29011162,2023-12-21,991,43JYH54EVLEE4YKI9IRMO57Z,7470.24,COURANT,991
992,87432876,2023-08-21,992,VNAJH4CQQS90J5UDNSBJRFZS,7290.81,COURANT,992
993,25261099,2023-12-24,993,098D5RXBDFZNB9C3NA8CZ4K0,8347.38,COURANT,993
994,48181972,2023-06-16,994,PAWNJ6HOGJSHEVMH6KV8HLZO,9836.7,COURANT,994
995,06180615,2023-11-01,995,L46HBI2HN42UKL65I4JJZLOO,8119.16,COURANT,995
996,43493756,2023-12-04,996,T3KMXEURP01LBY0D8EIVGFSJ,9178.97,COURANT,996
997,33547869,2023-08-18,997,FN2IOU48DF4TCGVYAP04LS18,3463.46,COURANT,997
998,63931628,2023-08-19,998,IU6QCQKTY3VBLML6SVPWYJ17,9056.18,COURANT,998
999,38144120,2023-02-27,999,DPE2J845UDMQUAXBADLW84QF,9314.78,COURANT,999
1000,62789829,2023-04-23,1000,1CEXPGEX2KX4Z3QX2AWKKL1O,3766.27,COURANT,1000
